sent_index,main_topic,main_prob,sentence
0,4,0.9756,坚持党对人民军队的绝对领导，落实新时代强军目标，持续深化国防和军队改革，一体化国家战略体系和能力加快构建，现代化水平和实战能力显著提升
1,3,0.6513,人民军队坚决履行新时代使命任务，以顽强斗争精神和实际行动捍卫国家主权、安全、发展利益
2,1,0.9712,提出新时代党解决台湾问题的总体方略，牢牢掌握两岸关系主导权和主动权
3,0,0.986,这些重大成就的取得，根本在于以习近平同志为核心的党中央领航掌舵，在于习近平新时代中国特色社会主义思想科学指引
4,2,0.4283,党中央决定对宪法进行适当修改，目的是在保持宪法连续性、稳定性、权威性的前提下，通过修改使我国宪法更好体现人民意志，更好体现中国特色社会主义制度的优势，更好适应提高中国共产党长期执政能力、推进全面依法治国、推进国家治理体系和治理能力现代化的要求，为新时代坚持和发展中国特色社会主义提供宪法保障
5,4,0.4342,文中指出：全面把握依法治军战略，总的是要贯彻新时代党的强军思想，贯彻新时代中国特色社会主义法治思想，着眼于全面加强我军革命化现代化正规化建设，构建中国特色军事法治体系，加快治军方式根本性转变，提高国防和军队建设法治化水平，为推进强军事业提供坚强法治保障
6,3,0.9782,《谱写新时代中国宪法实践新篇章》（2022年12月19日）这是习近平同志为纪念现行宪法公布施行四十周年发表的署名文章
7,0,0.4384,文中指出：在新时代坚持和发展中国特色社会主义的进程中，我们党总结运用历史经验，全面贯彻实施宪法，勇于推进宪法理论和宪法实践创新，积累了许多新鲜经验，深化了对我国宪法制度建设的规律性认识，这就是：必须坚持中国共产党领导；必须坚持人民当家作主；必须坚持依宪治国、依宪执政；必须坚持宪法的国家根本法地位；必须坚持宪法实施与监督制度化法规化；必须坚持维护宪法权威和尊严；必须坚持与时俱进完善和发展宪法
8,0,0.5017,《在庆祝全国人民代表大会成立七十周年大会上的讲话》（2024年9月14日）文中指出：党的十八大以来，我们党持续推进人民代表大会制度理论和实践创新，提出全过程人民民主的重大理念，形成了党关于坚持和完善人民代表大会制度的重要思想，为新时代推动人大工作高质量发展提供了根本遵循
9,4,0.6847,要围绕发展全过程人民民主，坚持好、完善好、运行好人民代表大会制度，充分发挥人大保证全面有效实施宪法法律的重要作用，充分发挥人大在立法工作中的主导作用，充分发挥人大监督在党和国家监督体系中的重要作用，充分发挥人大在密切同人民群众联系中的带头作用，为实现新时代新征程党和人民的奋斗目标提供坚实制度保障
10,0,0.5714,面对错综复杂的国际形势和艰巨繁重的国内改革发展稳定任务，在以习近平同志为核心的党中央坚强领导下，在习近平新时代中国特色社会主义思想特别是习近平法治思想科学指引下，我们解决了许多长期想解决而没有解决的法治难题，办成了许多过去想办而没有办成的法治大事，全面依法治国取得历史性成就、发生历史性变革，法治中国建设开创新局面
11,2,0.9767,在习近平法治思想指引下，党和国家各项事业纳入法治轨道，成为新时代全面依法治国的鲜明特征
12,2,0.7744,在习近平法治思想科学指引下，紧紧围绕建设中国特色社会主义法治体系这个总抓手，全面依法治国的各项工作高效组织、有序开展，法治工作质效大幅提升，谱写了新时代良法善治新篇章
13,1,0.4536,确立习近平新时代中国特色社会主义思想的指导地位，充实坚持和加强中国共产党全面领导的内容，完善宪法确立的国家根本任务、奋斗目标和国家领导体制，确立国家监察制度……宪法，国家的根本法，又迎来了一次完善和升华
14,4,0.9854,"”
2023年，中办国办印发《关于加强新时代法学教育和法学理论研究的意见》，明确了新时代法学教育和法学理论研究指导思想、工作原则、发展目标和重点任务"
15,4,0.6876,"一组数据勾勒出我国法治人才队伍建设的坚实足迹：政法系统实现习近平新时代中国特色社会主义思想培训全覆盖，法官、检察官具有法学专业本科以上学历的人员超过95%，律师人数达83万人、公证员1.5万人、仲裁员6.7万人，法学院校每年培养输送10万名法治专门人才……
扎实推进社会治安综合治理中心规范化建设，深入推进智慧法院和互联网司法创新发展，数字检察赋能高质效办案……依托大数据、人工智能等技术，法治领域全方位全场景科技应用加快推进，不断塑造法治发展新动能新优势"
16,4,0.5953,2012年12月，十八届中央政治局会议审议通过中央八项规定，这是党的十八大以后制定的第一部重要党内法规；2016年7月，中共中央印发《中国共产党问责条例》，使党的问责工作有了第一部基础性法规……新时代，管党治党全面实现有规可依、有章可循
17,1,0.9735,以国家安全法为统领，反恐怖主义法、网络安全法、生物安全法等一系列国家安全法律法规出台，不断筑牢新时代国家安全的法治保障
18,3,0.6453,富有东方智慧的新时代“枫桥经验”有了国际版，为推动构建人类命运共同体注入法治正能量
19,3,0.9046,习近平主席的复信充分彰显新时代中国坚持推动不同文明开放交流、包容互鉴，始终致力于为构建人类命运共同体夯实文明根基
20,3,0.951,文化交流热度持续上升，折射新时代中国开放包容的胸怀
21,3,0.9897,我高度重视中科关系发展，愿同阿扎利总统一道努力，以两国建交50周年为契机，赓续传统友谊，推动中非合作论坛北京峰会成果落实，不断丰富中科战略伙伴关系内涵，为构建新时代全天候中非命运共同体作出更大贡献
22,3,0.9897,我高度重视中科关系发展，愿同阿扎利总统一道努力，以两国建交50周年为契机，赓续传统友谊，推动中非合作论坛北京峰会成果落实，不断丰富中科战略伙伴关系内涵，为构建新时代全天候中非命运共同体作出更大贡献
23,4,0.9923,党的二十届四中全会通过的《中共中央关于制定国民经济和社会发展第十五个五年规划的建议》（以下简称《建议》），立足中国式现代化战略全局，对如期实现建军一百年奋斗目标、高质量推进国防和军队现代化作出新部署，充分彰显了以习近平同志为核心的党中央建设巩固国防和强大军队、不断开创新时代强军事业新局面的坚定意志和深谋远虑
24,4,0.3335,习主席领导推进新时代政治建军，决心之大前所未有，力度之大前所未有，反复强调任何时候任何情况下我军都必须铸牢听党指挥这个强军之魂，明确要求抓党对人民军队绝对领导一刻也不能放松
25,4,0.7494,“十五五”时期国防和军队现代化建设，一定要把政治建军摆在首要位置，做实从思想上政治上建设和掌握部队的工作，扭住人这个决定性因素凝心铸魂、强基固本，为实现党在新时代的强军目标提供坚强政治保证
26,0,0.7324,要强化政治引领铸忠诚，在真学真懂真信真用习近平新时代中国特色社会主义思想上下功夫，自觉彻底地改造思想，全面肃清流毒积弊，坚决防止做“两面人”、搞伪忠诚，切实把维护核心、听党指挥扎根到官兵头脑中、落实到我军现代化建设全部实践
27,1,0.9871,要扛起支撑强国复兴的历史重任，服从服务于新时代新征程党的中心任务，深入贯彻总体国家安全观，把军事这一手搞过硬，塑造安全态势，遏控危机冲突，打赢局部战争，确保中华民族伟大复兴的历史进程不被迟滞甚至中断
28,4,0.9854,《建议》明确了具有重大牵引、驱动、支撑作用的战略任务，要贯彻新时代军事战略方针，紧盯制约高质量发展的突出矛盾聚力攻关，把国防和军队现代化不断推向前进
29,4,0.8401,在跨越发展的关键当口，我们要聚焦先进战斗力思变革、抓建设、做准备，牵引新时代备战打仗工作走深走实
30,4,0.9773,加快国防和军队现代化，必须牢记高质量发展是新时代的硬道理，始终以高质量为追求，真抓实干、狠抓落实，推动“十五五”规划建设提质增效
31,1,0.98,回顾中国和西班牙交往历史，特别是新时代以来两国共同走过的非凡历程，双边关系不仅历久弥新，而且展现出广阔的发展前景和强劲的内生动力
32,1,0.9712,相信这届全运会不仅将见证新时代中国体育事业发展的新成就，也将展现中国式现代化在粤港澳大湾区的万千气象
33,2,0.6242,要把学习贯彻党的二十届四中全会精神同学习领会习近平新时代中国特色社会主义思想贯通起来，更加紧密地团结在以习近平同志为核心的党中央周围，为基本实现社会主义现代化而共同奋斗，不断开创以中国式现代化全面推进强国建设、民族复兴伟业新局面
34,4,0.6033,无论是“十四五”这5年，还是党的十八大以来这10多年，以习近平同志为核心的党中央站在国家强盛、民族复兴的战略高度，对体育强国建设作出整体谋划和系统部署，引领体育事业高质量发展，在新时代新征程不断开创新局面
35,4,0.9892,"亮眼的成绩单振奋人心：截至2024年底，“十四五”时期我国竞技体育共取得世界冠军519个，创世界纪录68次；北京冬奥会参赛取得历史最好成绩，巴黎奥运会创造境外参赛最好成绩……
习近平总书记指出：“中国体育代表团的优异成绩，既是我国体育事业发展进步的集中体现，也是中国式现代化建设成就的一个缩影，充分彰显了新时代中国力量"
36,2,0.938,"体育产业融入经济社会发展大局
火爆出圈的“村超”与“苏超”，两份新时代“体育+”发展的样本"
37,1,0.6628,迈进新时代，中华体育精神的图谱更为丰富，深植于社会生活与体育实践，焕发强大生命力
38,2,0.6342,体育文化建设在新时代被提升到新高度
39,0,0.8807,新时代是追梦者的时代
40,2,0.9644,当1908年《天津青年》杂志提出的“奥运三问”圆满作答，在强国建设、民族复兴的大道上，一场又一场体育盛会成为新时代的必然
41,1,0.9651,新时代中国的万千气象，中国式现代化的伟大成就，透过体育叙事立体化呈现
42,4,0.9889,改革开放特别是新时代以来，我国加快建设现代化产业体系，农业基础不断巩固，传统产业转型升级，战略性新兴产业蓬勃发展，未来产业有序布局，现代服务业快速发展，正逐步形成体系完备、配套齐全、协同高效的现代化产业体系
43,0,0.7354,我们要坚定必胜信心，因为我们始终站在历史正确的一边、人类文明进步的一边，始终沿着历史前进的逻辑前进、顺应时代发展的潮流发展，牢牢占据道义制高点；因为实现中华民族伟大复兴进入了不可逆转的历史进程，有以习近平同志为核心的党中央领航掌舵，有习近平新时代中国特色社会主义思想科学指引，我国发展具备的诸多优势将进一步彰显
44,1,0.4801,要注重向历史要经验、向实践要智慧，总结运用好中国共产党成立一百多年来特别是新时代我们党战风险、迎挑战、抗打压的历史经验，不为任何风险所惧，不为任何干扰所惑，努力做到居安思危、未雨绸缪，预判在先、谋定而动，不畏艰险、百折不挠，咬定青山不放松，乱云飞渡仍从容
45,4,0.8329,要走好新时代党的群众路线，准确把握当前社会成员分众化、利益诉求多样化、思想观念多元化、社会交往信息化等特点，提高群众工作针对性、实效性，积极回应群众关切，着力解决人民群众急难愁盼问题，不断增强人民群众获得感幸福感安全感
46,3,0.8839,推动构建人类命运共同体是新时代中国特色大国外交追求的崇高目标
47,0,0.3774,我们要深刻领悟、全面贯彻《建议》精神，以习近平新时代中国特色社会主义思想特别是习近平外交思想为引领，高举构建人类命运共同体光辉旗帜，不断开创中国特色大国外交新局面，为以中国式现代化全面推进强国建设、民族复兴伟业营造有利外部环境，为人类和平与进步事业作出更大贡献
48,1,0.986,”当前，中国特色社会主义进入新时代、迈上新征程，中华民族伟大复兴进入不可逆转的历史进程，我国已经成为更具国际影响力、创新引领力、道义感召力的负责任大国
49,0,0.4596,新时代以来，构建人类命运共同体从理念主张发展为科学体系，从美好愿景转化为丰富实践，从中国倡议扩大为国际共识，正在赢得国际社会越来越广泛的理解和认同，日益成为具有重大标识意义的公共产品
50,4,0.5753,新时代以来，习近平总书记提出亲诚惠容周边外交理念，倡导推动构建周边命运共同体
51,3,0.5457,新时代以来，中国外交积极促进大国协调和良性互动，推动构建和平共处、总体稳定、均衡发展的大国关系格局
52,3,0.5492,我们深化中俄新时代全面战略协作伙伴关系，走出了一条大国、邻国之间相互尊重、和睦相处、合作共赢的崭新道路；我们基于相互尊重、和平共处、合作共赢原则，排除干扰，克服障碍，力争中美关系健康、稳定、可持续发展；我们把中欧两大力量、两大市场、两大文明连接起来，推动建设具有全球影响力的中欧全面战略伙伴关系；我们积极推进同新兴大国合作，共同推动“大金砖合作”高质量发展
53,0,0.7526,"三、全面把握构建人类命运共同体的实践要求
构建人类命运共同体是重大外交使命和复杂系统工程，必须以习近平新时代中国特色社会主义思想特别是习近平外交思想为指导，坚持好、运用好贯穿其中的立场观点方法，不折不扣贯彻落实党中央对外工作决策部署"
54,0,0.6923,我们要更加紧密地团结在以习近平同志为核心的党中央周围，深刻领悟“两个确立”的决定性意义，切实做到“两个维护”，深学笃行习近平新时代中国特色社会主义思想特别是习近平外交思想，不断开创中国特色大国外交新局面，为夺取全面建设社会主义现代化国家新胜利、书写构建人类命运共同体新篇章而不懈奋斗
55,1,0.7392,"一
两国总理（以下简称“双方”）指出，在习近平主席和普京总统的战略引领下，中俄新时代全面战略协作伙伴关系达到历史最高水平并持续向前发展"
56,3,0.9846,中方愿同非方落实好中非合作论坛北京峰会成果和对非洲建交国实施100%税目产品零关税措施，共同推进现代化进程，构建新时代全天候中非命运共同体
57,3,0.8796,今年以来，习近平主席同武契奇总统两度会晤，就一系列重大问题达成广泛共识，为新时代中塞命运共同体建设进一步指明了方向
58,3,0.9838,今年以来，习近平主席同武契奇总统两度会晤，就一系列重大问题达成广泛共识，为新时代中塞命运共同体建设进一步指明了方向
59,3,0.9627,双方同意推进中日战略互惠关系，构建契合新时代要求的建设性、稳定的中日关系
60,2,0.6118,我们要更加紧密地团结在以习近平同志为核心的党中央周围，深学笃行习近平新时代中国特色社会主义思想特别是习近平外交思想，持续开创中国特色大国外交新局面，为强国建设、民族复兴伟业营造有利外部环境，为世界和平与发展的进步事业作出更大贡献
61,2,0.9547,新时代中国特色大国外交的鸿篇巨制中，亚太经合组织无疑是一个恢弘篇章
62,3,0.983,同日本首相高市早苗会见时，习近平主席谈到，中方愿同日方一道，“维护双边关系政治基础，推进战略互惠关系，致力于构建契合新时代要求的建设性、稳定的中日关系”
63,0,0.5705,中华文化蕴含的天下观，在新时代焕发光彩
64,0,0.986,这些重大成就的取得，根本在于以习近平同志为核心的党中央领航掌舵，在于习近平新时代中国特色社会主义思想科学指引
65,0,0.9903,与会同志一致表示，在中国式现代化的康庄大道上继续前进，有以习近平同志为核心的党中央领航掌舵，有习近平新时代中国特色社会主义思想科学指引，有亿万人民众志成城、团结奋斗，我们必将战胜一切艰难险阻，创造新的更大辉煌，铸就新的历史伟业
66,4,0.9946,"围绕保障和改善民生，在促进高质量充分就业、办好人民满意的教育、加快建设健康中国、稳步推进基本公共服务均等化等方面部署一批均衡性可及性强的政策举措；
着眼缩小区域差距、城乡差别，在加快农业农村现代化、扎实推进乡村全面振兴，优化区域经济布局、促进区域协调发展等方面部署一批务实举措；
着眼促进人民精神生活共同富裕，提出繁荣互联网条件下新大众文艺，构建中华文明标识体系，以文化赋能经济社会发展，提升中华文明传播力影响力……
规划建议在字里行间彰显着新时代中国共产党人矢志为民的深厚情怀，为“十五五”发展铺就温暖底色"
67,0,0.9814,“守正创新是习近平新时代中国特色社会主义思想的显著标识，也是此次规划建议制定过程中的突出特点
68,1,0.8109,"嘉  宾：中国现代国际关系研究院院长　傅小强
中国人民大学国际关系学院教授　刁大明
复旦大学国际问题研究院教授　邢丽菊
主持人：本报记者  王云松  曹  平
党的十八大以来，习近平总书记立足新时代中国和世界发展大势，统筹把握中华民族伟大复兴战略全局和世界百年未有之大变局，在引领中国特色大国外交阔步前行中提出一系列新理念新主张新倡议，形成了习近平外交思想"
69,0,0.7292,习近平外交思想是习近平新时代中国特色社会主义思想的重要组成部分，贯穿着马克思主义立场观点方法，根植于5000多年的中华文明，继承弘扬新中国优良外交传统，展现出独特的人文气质和人文光辉、深厚的文明意识和文明底蕴，彰显了强大的人文感召力
70,0,0.986,这些重大成就的取得，根本在于以习近平同志为核心的党中央领航掌舵，在于习近平新时代中国特色社会主义思想科学指引
71,0,0.9903,与会同志一致表示，在中国式现代化的康庄大道上继续前进，有以习近平同志为核心的党中央领航掌舵，有习近平新时代中国特色社会主义思想科学指引，有亿万人民众志成城、团结奋斗，我们必将战胜一切艰难险阻，创造新的更大辉煌，铸就新的历史伟业
72,4,0.9946,"围绕保障和改善民生，在促进高质量充分就业、办好人民满意的教育、加快建设健康中国、稳步推进基本公共服务均等化等方面部署一批均衡性可及性强的政策举措；
着眼缩小区域差距、城乡差别，在加快农业农村现代化、扎实推进乡村全面振兴，优化区域经济布局、促进区域协调发展等方面部署一批务实举措；
着眼促进人民精神生活共同富裕，提出繁荣互联网条件下新大众文艺，构建中华文明标识体系，以文化赋能经济社会发展，提升中华文明传播力影响力……
规划建议在字里行间彰显着新时代中国共产党人矢志为民的深厚情怀，为“十五五”发展铺就温暖底色"
73,0,0.9814,“守正创新是习近平新时代中国特色社会主义思想的显著标识，也是此次规划建议制定过程中的突出特点
74,1,0.5688,“关键是要集中力量办好自己的事，坚定不移推动高质量发展，坚定不移推进深层次改革、扩大高水平开放，以自身高质量发展的确定性更好应对外部环境变化的不确定性，在激烈国际竞争中赢得战略主动，在新时代新征程续写经济快速发展和社会长期稳定两大奇迹新篇章
75,1,0.5999,《建议》明确，坚持马克思主义在意识形态领域的指导地位，植根博大精深的中华文明，顺应信息技术发展潮流，发展具有强大思想引领力、精神凝聚力、价值感召力、国际影响力的新时代中国特色社会主义文化，扎实推进文化强国建设
76,0,0.6674,按照《建议》提出的要求，全军要深入贯彻习近平强军思想，贯彻新时代军事战略方针，坚持党对人民军队绝对领导，深刻领悟“两个确立”的决定性意义，增强“四个意识”、坚定“四个自信”、做到“两个维护”，贯彻军委主席负责制
77,0,0.986,这些重大成就的取得，根本在于以习近平同志为核心的党中央领航掌舵，在于习近平新时代中国特色社会主义思想科学指引
78,1,0.9966,坚持马克思列宁主义、毛泽东思想、邓小平理论、“三个代表”重要思想、科学发展观，全面贯彻习近平新时代中国特色社会主义思想，深入贯彻党的二十大和二十届历次全会精神，围绕全面建成社会主义现代化强国、实现第二个百年奋斗目标，以中国式现代化全面推进中华民族伟大复兴，统筹推进“五位一体”总体布局，协调推进“四个全面”战略布局，统筹国内国际两个大局，完整准确全面贯彻新发展理念，加快构建新发展格局，坚持稳中求进工作总基调，坚持以经济建设为中心，以推动高质量发展为主题，以改革创新为根本动力，以满足人民日益增长的美好生活需要为根本目的，以全面从严治党为根本保障，推动经济实现质的有效提升和量的合理增长，推动人的全面发展、全体人民共同富裕迈出坚实步伐，确保基本实现社会主义现代化取得决定性进展
79,1,0.6486,坚持马克思主义在意识形态领域的指导地位，植根博大精深的中华文明，顺应信息技术发展潮流，发展具有强大思想引领力、精神凝聚力、价值感召力、国际影响力的新时代中国特色社会主义文化，扎实推进文化强国建设
80,0,0.9769,深化党的创新理论学习和宣传教育，坚持不懈用习近平新时代中国特色社会主义思想凝心铸魂
81,4,0.882,实施新时代立德树人工程，促进思政课堂和社会课堂有效融合，加强体育、美育、劳动教育，完善教育评价体系
82,4,0.9558,坚持和发展新时代“枫桥经验”，加强乡村治理，完善社区治理
83,3,0.9926,贯彻习近平强军思想，贯彻新时代军事战略方针，坚持党对人民军队绝对领导，贯彻军委主席负责制，按照国防和军队现代化新“三步走”战略，推进政治建军、改革强军、科技强军、人才强军、依法治军，边斗争、边备战、边建设，加快机械化信息化智能化融合发展，提高捍卫国家主权、安全、发展利益战略能力
84,1,0.986,深入贯彻新时代党解决台湾问题的总体方略，坚决打击“台独”分裂势力，反对外部势力干涉，维护台海和平稳定，牢牢把握两岸关系主导权主动权
85,0,0.986,这些重大成就的取得，根本在于以习近平同志为核心的党中央领航掌舵，在于习近平新时代中国特色社会主义思想科学指引
86,1,0.9966,坚持马克思列宁主义、毛泽东思想、邓小平理论、“三个代表”重要思想、科学发展观，全面贯彻习近平新时代中国特色社会主义思想，深入贯彻党的二十大和二十届历次全会精神，围绕全面建成社会主义现代化强国、实现第二个百年奋斗目标，以中国式现代化全面推进中华民族伟大复兴，统筹推进“五位一体”总体布局，协调推进“四个全面”战略布局，统筹国内国际两个大局，完整准确全面贯彻新发展理念，加快构建新发展格局，坚持稳中求进工作总基调，坚持以经济建设为中心，以推动高质量发展为主题，以改革创新为根本动力，以满足人民日益增长的美好生活需要为根本目的，以全面从严治党为根本保障，推动经济实现质的有效提升和量的合理增长，推动人的全面发展、全体人民共同富裕迈出坚实步伐，确保基本实现社会主义现代化取得决定性进展
87,1,0.6485,坚持马克思主义在意识形态领域的指导地位，植根博大精深的中华文明，顺应信息技术发展潮流，发展具有强大思想引领力、精神凝聚力、价值感召力、国际影响力的新时代中国特色社会主义文化，扎实推进文化强国建设
88,0,0.9769,深化党的创新理论学习和宣传教育，坚持不懈用习近平新时代中国特色社会主义思想凝心铸魂
89,4,0.882,实施新时代立德树人工程，促进思政课堂和社会课堂有效融合，加强体育、美育、劳动教育，完善教育评价体系
90,4,0.9558,坚持和发展新时代“枫桥经验”，加强乡村治理，完善社区治理
91,3,0.9926,贯彻习近平强军思想，贯彻新时代军事战略方针，坚持党对人民军队绝对领导，贯彻军委主席负责制，按照国防和军队现代化新“三步走”战略，推进政治建军、改革强军、科技强军、人才强军、依法治军，边斗争、边备战、边建设，加快机械化信息化智能化融合发展，提高捍卫国家主权、安全、发展利益战略能力
92,1,0.986,深入贯彻新时代党解决台湾问题的总体方略，坚决打击“台独”分裂势力，反对外部势力干涉，维护台海和平稳定，牢牢把握两岸关系主导权主动权
93,0,0.9613,这个历经淬炼的文明古国，正以崭新姿态在新时代砥砺前行
94,1,0.9968,全会强调，“十五五”时期经济社会发展，必须坚持马克思列宁主义、毛泽东思想、邓小平理论、“三个代表”重要思想、科学发展观，全面贯彻习近平新时代中国特色社会主义思想，深入贯彻党的二十大和二十届历次全会精神，围绕全面建成社会主义现代化强国、实现第二个百年奋斗目标，以中国式现代化全面推进中华民族伟大复兴，统筹推进“五位一体”总体布局，协调推进“四个全面”战略布局，统筹国内国际两个大局，完整准确全面贯彻新发展理念，加快构建新发展格局，坚持稳中求进工作总基调，坚持以经济建设为中心，以推动高质量发展为主题，以改革创新为根本动力，以满足人民日益增长的美好生活需要为根本目的，以全面从严治党为根本保障，推动经济实现质的有效提升和量的合理增长，推动人的全面发展、全体人民共同富裕迈出坚实步伐，确保基本实现社会主义现代化取得决定性进展
95,1,0.6486,坚持马克思主义在意识形态领域的指导地位，植根博大精深的中华文明，顺应信息技术发展潮流，发展具有强大思想引领力、精神凝聚力、价值感召力、国际影响力的新时代中国特色社会主义文化，扎实推进文化强国建设
96,3,0.9926,贯彻习近平强军思想，贯彻新时代军事战略方针，坚持党对人民军队绝对领导，贯彻军委主席负责制，按照国防和军队现代化新“三步走”战略，推进政治建军、改革强军、科技强军、人才强军、依法治军，边斗争、边备战、边建设，加快机械化信息化智能化融合发展，提高捍卫国家主权、安全、发展利益战略能力
97,1,0.9968,全会强调，“十五五”时期经济社会发展，必须坚持马克思列宁主义、毛泽东思想、邓小平理论、“三个代表”重要思想、科学发展观，全面贯彻习近平新时代中国特色社会主义思想，深入贯彻党的二十大和二十届历次全会精神，围绕全面建成社会主义现代化强国、实现第二个百年奋斗目标，以中国式现代化全面推进中华民族伟大复兴，统筹推进“五位一体”总体布局，协调推进“四个全面”战略布局，统筹国内国际两个大局，完整准确全面贯彻新发展理念，加快构建新发展格局，坚持稳中求进工作总基调，坚持以经济建设为中心，以推动高质量发展为主题，以改革创新为根本动力，以满足人民日益增长的美好生活需要为根本目的，以全面从严治党为根本保障，推动经济实现质的有效提升和量的合理增长，推动人的全面发展、全体人民共同富裕迈出坚实步伐，确保基本实现社会主义现代化取得决定性进展
98,1,0.6486,坚持马克思主义在意识形态领域的指导地位，植根博大精深的中华文明，顺应信息技术发展潮流，发展具有强大思想引领力、精神凝聚力、价值感召力、国际影响力的新时代中国特色社会主义文化，扎实推进文化强国建设
99,3,0.9926,贯彻习近平强军思想，贯彻新时代军事战略方针，坚持党对人民军队绝对领导，贯彻军委主席负责制，按照国防和军队现代化新“三步走”战略，推进政治建军、改革强军、科技强军、人才强军、依法治军，边斗争、边备战、边建设，加快机械化信息化智能化融合发展，提高捍卫国家主权、安全、发展利益战略能力
100,4,0.8264,从完善现代化产业体系到攻关重大科技项目，从建设国家重大工程到推动绿色发展……新时代以来，我们坚持有效市场和有为政府相结合，有效组织各项事业、开展各项工作，以新发展理念引领高质量发展迈上新台阶
101,4,0.9899,推行科研经费“包干制”改革，赋予科研人员更大自主权；推进数据要素市场化改革，创新动能更强劲；“政府搭台、企业唱戏、科研院所支撑”，让创新从市场中来、到市场中去……新时代以来，我国在量子科技、生命科学、物质科学、空间科学等领域取得一批重大原创性成果，推动科技事业取得历史性成就、发生历史性变革
102,2,0.938,一颗苹果，牵着为人民办事的初心，映着新时代的奋斗，连着天下一家的情怀
103,4,0.9301,新时代以来，2000多个改革方案，大写的“人”字贯穿始终：医药卫生体制改革推动药品集中采购降价，让医药费用过快增长势头得到遏制；教育体制改革促进城乡义务教育一体化，让优质教育资源更均衡；养老服务体系改革扩大普惠供给，回应老龄化社会需求……改革始终聚焦民生，彰显制度温度
104,0,0.9866,在以习近平同志为核心的党中央坚强领导下，坚定不移沿着中国特色社会主义道路奋勇前进，新时代的中国必将在新征程上赢得更加伟大的胜利和荣光
105,2,0.9868,国务委员、全国妇联主席谌贻琴出席并讲话，强调要把学习好宣传好落实好习近平总书记主旨讲话精神作为全国妇女工作的重大政治任务，担当作为、务求实效，推动新时代新征程妇女事业高质量发展
106,1,0.5815,30年来，中国妇女事业发展取得显著成就，我们可以通过中方近期发布的《新时代中国推进妇女全面发展的实践与成就》白皮书了解相关情况
107,0,0.4986,——用几十年时间走完了西方发达国家几百年走过的工业化历程，在新时代书写了经济快速发展和社会长期稳定两大奇迹新篇章，这是人类现代化历史上前所未有的创造
108,0,0.9878,正是有以习近平同志为核心的党中央坚强领导，有习近平新时代中国特色社会主义思想科学指引，我们党始终把握发展规律、掌握了历史主动
109,4,0.5546,新时代推动实现高质量发展、高品质生活、高效能治理、高水平开放的伟大实践中，蕴含着生动而深刻的答案
110,4,0.9773,"（二）
坚持高质量发展是新时代的硬道理，“以高质量发展的确定性应对各种不确定性”，为推进中国式现代化奠定坚实物质技术基础"
111,4,0.9832,与此同时，我国生态文明建设取得举世瞩目的成就，成为新时代伟大成就和变革的显著标志，使人与自然和谐共生这一中国式现代化的鲜明特点更加凸显
112,2,0.8603,这是新时代中国共产党人的创举
113,4,0.9394,从宁夏西吉文学的“庄稼”茁壮成长，到广东东莞保安、快递员等素人写作者绽放光芒，新时代大众文艺百花齐放，亿万人民的精神面貌焕然一新
114,1,0.6043,高品质生活和高质量发展双向奔赴，今天中国人民对美好生活的向往不断变为现实，正在党的领导下信心百倍书写着新时代中国发展的伟大历史
115,4,0.9801,新时代以来，系统完备、科学规范、运行有效的制度体系日渐成熟定型，制度优势更好转化为国家治理效能
116,4,0.6303,从北京探索形成“接诉即办”等经验做法，到安徽桐城推广“新时代六尺巷工作法”……坚持和发展新时代“枫桥经验”，完善共建共治共享的社会治理制度，筑牢社会和谐稳定的基础，平安中国建设向更高水平迈进
117,3,0.9809,这是继全球发展倡议、全球安全倡议、全球文明倡议之后，新时代中国向世界贡献的又一重要国际公共产品
118,0,0.9887,在以习近平同志为核心的党中央坚强领导下，全面贯彻习近平新时代中国特色社会主义思想，保持战略定力，增强必胜信心，激发只争朝夕、永不懈怠的奋斗精神，未来一定属于我们
119,1,0.7792,黑白影像中，从《桥》里工人阶级“第一次当主角”的滚烫宣言，到《白毛女》中喜儿的翻身呐喊，电影里有人民心声；彩色巨幕上，“我和我的”电影三部曲展现了新时代主旋律电影的思想高度和艺术水平，《送你一朵小红花》《你好，李焕英》以真情实感打动人心，电影一直在探索“人民性”的时代表达
120,4,0.9756,特别是新时代以来，电影事业繁荣发展，2024年，城市院线净增银幕数4658块，银幕总数达到90968块，全国电影公益放映队4.3万个、开展电影公益放映821万场
121,3,0.9903,本届会议以“共创·共建·共享——推动中非军事医学合作高质量发展”为主题，围绕卫生勤务理论与管理创新、军事药学与军事医学、多样化非战争军事行动医学保障等议题进行研讨，还组织学术沙龙、参观考察等活动，进一步深化中非军事医学务实合作，提升共同应对医疗卫生领域挑战能力，为共筑新时代全天候中非命运共同体贡献力量
122,3,0.9062,中方愿同利方一道，落实好两国元首重要共识和中非合作论坛北京峰会成果，在涉及彼此核心利益和重大关切问题上继续相互支持，深化互利合作，加强多边团结协作，为共筑新时代全天候中非命运共同体作出贡献
123,3,0.9866,顺应和平、发展、合作、共赢的时代潮流，新时代中国提出构建人类命运共同体的宏伟愿景，将和平、发展上升为全人类共同价值，将各国人民对美好未来的向往汇聚成并肩前行的力量
124,1,0.5326,"（二）
2014年11月，中共十八大后第一次中央外事工作会议，习近平总书记系统擘画新时代中国外交，强调“牢牢把握坚持和平发展、促进民族复兴这条主线”"
125,3,0.9062,中方愿同利方一道，落实好两国元首重要共识和中非合作论坛北京峰会成果，在涉及彼此核心利益和重大关切问题上继续相互支持，深化互利合作，加强多边团结协作，为共筑新时代全天候中非命运共同体作出贡献
126,0,0.94,《习近平谈治国理政》第五卷是全面系统反映习近平新时代中国特色社会主义思想最新成果的权威著作，记录了习近平总书记领导中国人民推进中国式现代化伟业的生动实践，充分反映了中国共产党为推动构建人类命运共同体贡献的中国智慧、中国方案
127,0,0.6245,这部著作的出版，有助于国际社会更加深入地了解新时代中国的发展成就、发展方向和发展路径，更加积极地看待中国给世界带来的福祉和机遇，进一步推动中外治国理政经验交流和文明互鉴，具有重要而深远的意义
128,0,0.5356,德国汉学家、历史学家培高德在发言中指出，第五卷按主题分类收录了习近平主席系列讲话，这些讲话围绕中国持续成功的发展以及中国在世界上的角色展开，内容广泛精彩，译文流畅，阅读这本书有助于更好地理解习近平新时代中国特色社会主义思想和中国治理理念
129,2,0.9886,新时代以来，以习近平同志为核心的党中央坚持将妇女事业融入中国式现代化宏阔实践，把国家发展进步历程同促进男女平等发展的历程紧密融合在一起，引领千千万万中国女性以巾帼不让须眉的豪情和努力，在经济社会发展中真正发挥着“半边天”作用
130,3,0.613,习近平主席出席峰会开幕式并发表主旨讲话，提出支持全球妇女事业发展的新倡议新举措，为促进全球性别平等和妇女全面发展注入新动力，彰显了新时代中国的大国担当
131,4,0.6085,新时代的中国女性正在以前所未有的自信和活力参与国家和社会治理全过程，奋战在乡村振兴和共同富裕第一线，拼搏于科技创新和数字转型最前沿，书写着昂扬奋进的巾帼华章
132,4,0.6085,新时代的中国女性正在以前所未有的自信和活力参与国家和社会治理全过程，奋战在乡村振兴和共同富裕第一线，拼搏于科技创新和数字转型最前沿，书写着昂扬奋进的巾帼华章
133,4,0.6085,新时代的中国女性正在以前所未有的自信和活力参与国家和社会治理全过程，奋战在乡村振兴和共同富裕第一线，拼搏于科技创新和数字转型最前沿，书写着昂扬奋进的巾帼华章
134,2,0.7759,党的十八大以来，以习近平同志为核心的党中央站在中华民族伟大复兴的战略高度，擘画推进妇女事业和妇联工作，引领新时代中国妇女事业发展取得历史性成就，为全球妇女事业发展注入新动力
135,2,0.6882,"党的十八大以来，习近平总书记从党和国家事业发展全局出发，围绕妇女工作多次发表重要讲话、作出重要指示批示，为推动妇女事业发展指方向、定方位、明方针——
强调“坚持党的领导，是做好党的妇女工作的根本保证”“把握实现中华民族伟大复兴的中国梦这一当代中国妇女运动的时代主题”；
指出“依法依规为妇女全面发展营造环境、扫清障碍、创造条件”“努力让尊重妇女、关爱儿童在全社会蔚然成风”；
要求“注重发挥妇女在社会生活和家庭生活中的独特作用，发挥妇女在弘扬中华民族家庭美德、树立良好家风方面的独特作用”；
呼吁“发达国家要加大对发展中国家的资金和技术援助，缩小各国妇女发展差距”“加快实现性别平等、促进全球妇女事业发展”；
…………
习近平总书记的重要论述深刻阐述了事关新时代妇女事业发展的一系列方向性、根本性、战略性问题，深化了我们党对妇女工作的规律性认识，开辟了马克思主义妇女理论中国化时代化新境界"
136,2,0.7294,新时代以来，习近平总书记高度重视妇联工作，主持召开党的历史上第一次中央党的群团工作会议，亲自审定妇联改革方案，三次同全国妇联新一届领导班子成员集体谈话，要求以改革创新精神加强和改进妇女组织自身建设
137,2,0.9257,新时代以来，以习近平同志为核心的党中央推动把国家发展进步历程同促进男女平等发展的历程紧密融合在一起，推动妇女事业和经济社会同步发展，妇女事业正处在发展环境更优、干事舞台更广、权益更有保障的最好时期
138,4,0.7493,"共享现代化建设成果，新时代妇女不断实现自身对美好生活的向往——
致富之路不断拓展：全面打赢脱贫攻坚战，持续支持脱贫妇女和农村低收入妇女发展生产、扩大就业、提高收入，优先保障孕产妇、儿童等特殊人群，注重保障老龄妇女、残疾妇女等困难群体，有力破除妇女发展瓶颈"
139,2,0.9239,"发挥“半边天”作用，新时代妇女用辛勤汗水浇灌出累累硕果——
黔东南秋色如画，黎平侗品源传统工艺农民专业合作社里，负责人陆勇妹正和姐妹们围坐一圈，以蜂蜡为墨、蜡刀为笔，在土布上绘就精美图案"
140,4,0.9221,新时代以来，从决胜全面小康、决战脱贫攻坚，到抗击新冠疫情、建设平安中国，再到推动科技创新、助力绿色发展……广大妇女充分发挥主体作用，以巾帼不让须眉的英姿，在大江南北、各行各业中闪耀着夺目光芒
141,2,0.9808,”习近平总书记从中华文明“家国天下”的高度，引导妇女积极参与家庭家教家风建设，寄望大家“做对社会有责任、对家庭有贡献的新时代女性”
142,2,0.7292,积极回应人民群众对家庭建设的新期盼新需求，认真研究家庭领域出现的新情况新问题，帮助妇女处理好家庭和工作的关系……新时代以来，由党委领导、政府主责、妇女儿童工作委员会协调、妇联组织联动、多部门合作、全社会参与的妇女工作机制日益健全，广大妇女在家庭美德建设中发挥重要作用，在家国责任融合中展现独特智慧
143,2,0.9678,”习近平总书记的深切厚望，激励着新时代女性在民族复兴之路上昂扬前行
144,2,0.53,”新时代中国共产党人以“命运与共”的博大胸怀，树立起国际妇女运动史上新的里程碑
145,0,0.6472,这一系列重要论述是坚持“两个结合”、推进妇女儿童和家庭领域理论创新的重大成果，为新时代妇女儿童事业和家庭家教家风工作高质量发展提供了强大思想武器和科学行动指南
146,2,0.6168,新时代以来，习近平主席以大国领袖的责任担当和远见卓识，就促进男女平等和妇女全面发展提出一系列重要倡议和主张，为推动全球妇女事业合作指明前行方向
147,4,0.79,6.9亿妇女同步迈入全面小康，高等教育在校生中女生占比超过半数，科技工作者中女性占比达到45.8%，互联网领域创业者中妇女超过一半，全国法官中女法官占42.3%，女性平均预期寿命突破80岁，中国被世界卫生组织列为妇幼健康高绩效的10个国家之一……新时代以来，中国全面开拓妇女事业发展之路，妇女生存发展水平显著提升，在脱贫、科教、卫生等领域成就全球领先
148,0,0.5509,新时代以来，这座承载着中华文明基因的巍峨殿堂，书写着典守文脉、服务人民、活化利用的崭新篇章
149,4,0.9686,进入新时代，故宫博物院提出“平安故宫”建设，古建筑整体维修保护、文物防震、消防安防系统全面升级
150,0,0.5102,新时代的故宫，让沉睡的文物以多元姿态活在当下
151,0,0.7134,“在习近平新时代中国特色社会主义思想特别是习近平文化思想的指引下，我们要把故宫博物院建成国际一流博物馆、世界文化遗产保护的典范、文化和旅游融合的引领者、文明交流互鉴的中华文化会客厅，让故宫不仅守护着历史的记忆，更成为启迪未来、激发创造的重要力量
152,0,0.9826,在习近平文化思想的科学指引下，创造了五千多年辉煌文明的中华民族，必将在新时代新征程上创造出新的更大辉煌
153,3,0.9782,2022年，习近平主席赴沙特利雅得出席首届中国—阿拉伯国家峰会，双方一致同意全力构建面向新时代的中阿命运共同体
154,0,0.8284,百廿光阴，尤其是新时代的春风化雨，三个“前所未有”清晰显现——保护传承力度前所未有，公众参与热情前所未有，创新迭代速度前所未有
155,1,0.6718,"”
新时代，中华文明探源工程接续推进、“考古中国”重大项目全面展开，国之瑰宝化作展览实物见证"
156,0,0.9725,“平视世界”的从容，源于五千多年文明长河赋予的深厚底蕴，更绽放于新时代喷薄而出的文化自信与开阔胸襟
157,3,0.9699,在历史纵深中汲取智慧，于新时代脉动中焕发新生机，向文明交融中拓展格局——为明天收藏今天
158,3,0.9838,全球治理倡议和全球发展倡议、全球安全倡议、全球文明倡议是新时代中国为世界提供的系统性国际公共产品
159,0,0.5427,今年以来，在习近平新时代中国特色社会主义思想特别是习近平经济思想的科学指引下，全国上下攻坚克难、努力拼搏，我国经济运行稳中有进、好于预期，高质量发展取得新成效，宏观经济四大指标即经济增长、就业、物价和国际收支等表现良好
160,1,0.6074,”在庆祝中华人民共和国成立76周年招待会上，习近平总书记发表重要讲话，从统筹中华民族伟大复兴战略全局和世界百年未有之大变局的高度，回顾党领导人民自力更生、接续奋斗取得的伟大成就，肯定今年以来党和国家各项事业取得新进展新成效，着眼于实现新时代新征程党的中心任务提出明确要求，号召“更加紧密地团结在党中央周围，锐意进取、埋头苦干，奋力谱写中国式现代化更加绚丽的篇章”
161,0,0.935,新时代以来的这些年极不寻常、极不平凡，我们都是亲历者、见证者
162,2,0.5464,让我们更加紧密地团结在以习近平同志为核心的党中央周围，全面贯彻习近平新时代中国特色社会主义思想，用新的伟大奋斗创造新的伟业，凝心聚力把强国建设、民族复兴的宏伟蓝图变成美好现实
163,4,0.984,“我们要紧紧围绕新时代新征程党的中心任务，把‘十五五’发展的目标任务和战略举措规划好实施好，确保基本实现社会主义现代化取得决定性进展
164,1,0.9853,海南省委深改办（自贸港工委办）常务副主任关继荣深感责任重大：“海南将全力推进核心政策落地，做好封关试运行，讲清讲透自贸港政策的特殊性和含金量，吸引更多经营主体到海南投资兴业，努力把海南自由贸易港打造成为引领我国新时代对外开放的重要门户
165,0,0.7081,面向未来，坚持不懈用新时代党的创新理论凝心铸魂，保持战略定力，增强必胜信心，直面矛盾问题不回避，应对风险挑战不退缩，就一定能够打开改革发展新天地
166,4,0.8381,打赢人类历史上规模最大的脱贫攻坚战，建成世界上规模最大的教育体系、社会保障体系、医疗卫生体系，稳居世界第二大经济体、货物贸易第一大国……新时代的伟大成就是党和人民一道拼出来、干出来、奋斗出来的
167,2,0.7739,让我们更加紧密地团结在以习近平同志为核心的党中央周围，全面贯彻习近平新时代中国特色社会主义思想，紧紧围绕以中国式现代化全面推进强国建设、民族复兴伟业这个中心任务，继往开来，奋发进取
168,4,0.984,我们要紧紧围绕新时代新征程党的中心任务，把“十五五”发展的目标任务和战略举措规划好实施好，确保基本实现社会主义现代化取得决定性进展
169,4,0.9832,要紧紧围绕新时代新征程党的中心任务，把“十五五”发展的目标任务和战略举措规划好实施好，确保基本实现社会主义现代化取得决定性进展
170,4,0.984,我们要紧紧围绕新时代新征程党的中心任务，把“十五五”发展的目标任务和战略举措规划好实施好，确保基本实现社会主义现代化取得决定性进展
171,4,0.9832,要紧紧围绕新时代新征程党的中心任务，把“十五五”发展的目标任务和战略举措规划好实施好，确保基本实现社会主义现代化取得决定性进展
172,2,0.9836,他表示，要坚持以习近平新时代中国特色社会主义思想为指导，坚持大团结大联合，巩固和发展最广泛的爱国统一战线，汇聚起以中国式现代化全面推进中华民族伟大复兴的磅礴力量
173,1,0.9888,我们将坚决贯彻新时代党解决台湾问题的总体方略，坚持一个中国原则和“九二共识”，促进两岸各领域交流合作，坚决反对“台独”分裂和外部干涉，坚定守护中华民族共同家园，坚定不移推进祖国统一大业
174,3,0.7027,近年来，北京持续办好北京文化论坛、北京国际电影节等国际性品牌活动，不断搭建讲好新时代中国故事、中国式现代化故事的全球平台，加强同全球各地文化交流，共同推动文化繁荣发展、文化遗产保护等
175,3,0.6844,本报今起推出系列报道，聚焦全球发展倡议的落实成果，讲述各方携手共创繁荣发展新时代的故事
176,0,0.9921,习近平总书记指出：“学习新时代中国特色社会主义思想的目的全在于运用，在于把这一思想变成改造主观世界和客观世界的强大思想武器”“特别是要把这一思想的世界观、方法论和贯穿其中的立场观点方法转化为自己的思想武器”
177,0,0.9917,习近平新时代中国特色社会主义思想蕴含的科学的世界观和方法论，揭示了事物的本质、内在联系及发展规律，不仅致力于科学地解释世界，而且致力于积极地改造世界；不仅指导我们改造客观世界，同时也指导我们改造主观世界
178,0,0.9912,新时代新征程，我们要深学细悟习近平新时代中国特色社会主义思想，坚持学思用贯通、知信行统一，不断增强政治认同、思想认同、理论认同、情感认同，更好地把党的创新理论转化为坚定理想、锤炼党性和指导实践、推动工作的强大力量
179,0,0.9933,习近平新时代中国特色社会主义思想，坚持把马克思主义基本原理同中国具体实际相结合，科学观察时代、把握时代、引领时代；坚持把马克思主义基本原理同中华优秀传统文化相结合，用马克思主义激活中华优秀传统文化中富有生命力的优秀因子并赋予新的时代内涵，聚变为新的理论优势，不断攀登新的思想高峰
180,0,0.9906,新时代新征程，我们书写不负历史、不负时代、不负人民的崭新答卷，必须学懂弄通做实党的创新理论，坚持不懈把党的创新理论深化内化转化为改造主观世界的“营养”和改造客观世界的“钥匙”，在解难题、促发展中充分彰显党的创新理论的真理力量和实践伟力
181,4,0.5537,新时代，我们党团结带领人民打赢人类历史上规模最大的脱贫攻坚战，历史性地解决了绝对贫困问题；坚持在发展中保障和改善民生；扎实推进全体人民共同富裕；发展全过程人民民主……一切为了人民、一切依靠人民，始终把人民放在心中最高位置，是我们党最鲜明的政治底色
182,0,0.5436,”习近平新时代中国特色社会主义思想，生动体现和凝结着百余年来我们党坚持独立自主的伟大精神特质，贯穿着坚持走自己的路的坚定决心信心，充满着豪迈的历史担当和创造精神
183,0,0.9769,”习近平总书记指出：“守正创新是我们党在新时代治国理政的重要思想方法
184,0,0.9814,”坚持守正创新，是习近平新时代中国特色社会主义思想对马克思主义认识论和唯物辩证法的丰富发展，以原创性理论贡献标注了马克思主义发展的新高度
185,0,0.5956,”习近平新时代中国特色社会主义思想聚焦实践遇到的新问题、改革发展稳定存在的深层次问题、人民群众急难愁盼问题、国际变局中的重大问题、党的建设面临的突出问题，不断提出解决问题的新理念新思路新办法，体现出强烈的问题意识和高超的政治智慧，使我们能够牢牢把握住改革发展的主动权、主导权
186,0,0.9919,学懂弄通做实党的创新理论，必须增强问题意识、坚持问题导向，深入思考和全面把握新时代我国发展和我们党执政面临的重大理论和实践问题，科学回答中国之问、世界之问、人民之问、时代之问，推动党和国家事业不断取得新的伟大成就
187,1,0.7531,从强调胸怀国内国际两个大局，到统筹推进“五位一体”总体布局、协调推进“四个全面”战略布局，再到统筹发展和安全……习近平新时代中国特色社会主义思想从系统性、整体性、全局性的战略高度对中国式现代化建设各领域各方面的工作统筹兼顾、整体谋划，为完成新时代新征程中国共产党的使命任务提供了行动指南和科学路径
188,3,0.8513,提出推动构建人类命运共同体理念、全球发展倡议、全球安全倡议、全球文明倡议、全球治理倡议……习近平新时代中国特色社会主义思想，站在人类命运共同体的高度，深刻把握中国与世界关系的发展变化，既在谋求自身发展中促进各国共同发展，又在各国共同发展中实现自身发展，为推动世界发展繁荣、和平进步提供了中国智慧、中国方案，彰显了大党、大国的大境界大情怀大格局
189,0,0.9917,”增强政治能力，是具体的、生动的、实践的，关键是要多思多想、学深悟透、全面学习领会习近平新时代中国特色社会主义思想的科学体系、核心要义、实践要求，不断夯实坚定历史自信、增强历史主动、提高能力本领的思想根基
190,1,0.5548,紧密结合新时代波澜壮阔的历史进程和伟大变革，深刻把握党的创新理论产生和发展的实践基础；紧密结合统揽“四个伟大”、统筹推进“五位一体”总体布局、协调推进“四个全面”战略布局的时代要求，深刻把握党的创新理论关于治国理政的新理念新思想新战略；紧密结合自己的工作职责，深刻把握党的创新理论关于相关领域的重要论述，以及做好具体工作的思路举措方法，不断增强辨别政治是非、保持政治定力、驾驭政治局面、防范政治风险的能力，在任何时候、任何情况下都能“不畏浮云遮望眼”“乱云飞渡仍从容”
191,0,0.557,习近平总书记指出：“履行好党和人民赋予的新时代职责使命，领导干部必须全面增强各方面本领，努力成为本职工作的行家里手
192,0,0.9175,党员干部特别是领导干部要不断加强思想淬炼、政治历练、实践锻炼、专业训练，切实增强学习本领、政治领导本领、改革创新本领、科学发展本领、依法执政本领、群众工作本领、狠抓落实本领、驾驭风险本领等“八项本领”，不断提高政治能力、调查研究能力、科学决策能力、改革攻坚能力、应急处突能力、群众工作能力、抓落实能力等“七种能力”，使自己能够跟上党中央要求、跟上时代前进步伐、跟上事业发展需要，能够有草摇叶响知鹿过、松风一起知虎来、一叶易色而知天下秋的洞察力、落实力，能够真正立足新发展阶段，完整准确全面贯彻新发展理念，构建新发展格局，推动高质量发展，牢牢掌握新时代新征程党和国家事业发展的历史主动
193,0,0.4999,党员干部特别是领导干部必须聚焦全面建成社会主义现代化强国、实现第二个百年奋斗目标，以中国式现代化全面推进中华民族伟大复兴的中心任务，坚定历史自信、增强历史主动，既廉又勤、既干净又干事，奋发有为、锐意进取，谱写新时代中国特色社会主义更加绚丽的篇章
194,0,0.9872,党员干部特别是领导干部一方面要树立“敢为”的意识，摒弃“求稳”“怕乱”的消极思想，敢于打破思维定式，勇于尝试新方法、新路径；另一方面要提升“善为”的能力，准确把握事物发展的本质和规律，做到推动改革发展心中有数，确保干事创业方向不偏、力度不减，以满腔热忱奋进新征程、建功新时代
195,0,0.9883,只有头脑里有辩证唯物主义、历史唯物主义的世界观和方法论，深刻领悟新时代党的创新理论的精髓要义，才能以正确的立场和科学的态度认识复杂实践、客观事物，才能把握事物发展的内在规律，才能正确理解和执行党的路线方针政策
196,0,0.9945,把新时代党的创新理论作为改造主观世界和客观世界的武器，就要坚持在改造客观世界的同时持之以恒改造主观世界，坚定理想、锤炼党性，又以改造主观世界的成效推进新征程上客观世界的改造，在主观世界与客观世界改造的良性互动中使全党始终保持统一的思想、坚定的意志、协调的行动、强大的战斗力，在新征程上不断创造中国特色社会主义事业发展新辉煌
197,0,0.9787,习近平总书记指出：“新时代改革开放和社会主义现代化建设的丰富实践是理论和政策研究的‘富矿’”
198,4,0.6109,中国拥有数千年不中断的文明史及丰富的外交实践，有近代以来被帝国主义侵略的惨痛经历，有新中国成立以来特别是新时代以来各个领域的成功经验
199,0,0.5943,”新时代以来，我国广大学者意识到，不能照搬西方理论来阐释和总结中国的国际关系经验，而要从中国的历史传统出发进行自主创新
200,0,0.6021,其中，发展全球伙伴关系，成为新时代中国外交理论和实践的重要创新
201,0,0.5364,《人民论坛》杂志社：新时代中国外交有哪些鲜明特色
202,4,0.5198,郑永年：新时代中国外交的战略自主性和主动性显著增强，表现出以下特色
203,3,0.8154,“加强埃中在上合组织框架内的协调合作，将有助于推动两国关系朝着构建面向新时代的埃中命运共同体的目标持续迈进
204,0,0.9909,《习近平谈治国理政》第五卷是全面系统反映习近平新时代中国特色社会主义思想最新成果的权威著作，出版发行以来，在国内外引起强烈反响，一个学习宣传贯彻习近平新时代中国特色社会主义思想的新的热潮正在兴起
205,0,0.9906,正是在坚持“两个结合”中，习近平新时代中国特色社会主义思想持续丰富发展，不断攀登新的思想高峰，及时科学解答了中国之问、世界之问、人民之问、时代之问提出的新课题，展现出更为强大、更有说服力的真理力量
206,0,0.9801,习近平新时代中国特色社会主义思想是经过实践检验、富有实践伟力的强大思想武器
207,0,0.9878,新时代以来，在这一思想指引下，以习近平同志为核心的党中央团结带领全党全国各族人民，继往开来，奋发进取，不断实现理论和实践上的创新突破，成功推进和拓展了中国式现代化
208,0,0.9906,《习近平谈治国理政》第五卷既是理论著作又是实践精华，研读这部著作，对于从理论和实践的结合上深入把握中国式现代化建设规律，激发历史主动精神，为实现新时代新征程党的中心任务团结奋斗，具有重要意义
209,0,0.9936,习近平新时代中国特色社会主义思想之所以是中华文化和中国精神的时代精华，就在于坚守中华文化立场，坚持古为今用、推陈出新，用马克思主义激活中华优秀传统文化中富有生命力的优秀因子并赋予新的时代内涵，使马克思主义这个魂脉同中华优秀传统文化这个根脉相互贯通，最深刻、最有力地体现了我们的精神独立性和文化主体性
210,0,0.9872,党的二十大以来，随着新时代文化建设的深入推进，全党全国各族人民的文化自信更加鲜明，中华民族的文化主体性更加巩固，中华文明历久弥新的博大气象更加彰显
211,3,0.4997,习近平新时代中国特色社会主义思想坚守和平发展、合作共赢的人间正道，鲜明提出以建设持久和平、普遍安全、共同繁荣、开放包容、清洁美丽的世界为努力目标，以推动共商共建共享的全球治理为实现路径，以践行全人类共同价值为普遍遵循，以推动构建新型国际关系为基本支撑，以落实全球发展倡议、全球安全倡议、全球文明倡议、全球治理倡议为战略引领，以高质量共建“一带一路”为实践平台，使构建人类命运共同体的理念与愿景更加清晰可感、更加科学完备、更加成熟可行，系统回答了“建设一个什么样的世界、怎样建设这个世界”的时代命题，为解决全球性问题提供了一系列具有重大标识意义的中国方案
212,0,0.9853,下一步，我们将按照党中央要求，精心组织学好用好《习近平谈治国理政》第五卷，持续推动学习宣传贯彻习近平新时代中国特色社会主义思想走深走实
213,0,0.9826,持续推进习近平总书记著作翻译出版和宣介推广，让国际社会更好认识我们党、我们国家和我们的新时代
214,0,0.9801,这部重要著作是全面系统反映习近平新时代中国特色社会主义思想最新成果的权威著作
215,0,0.9836,认真研读这部重要著作，我们深切体会到，守正创新是贯穿全书的鲜明特点，充分彰显了习近平新时代中国特色社会主义思想的理论品格和独特魅力
216,0,0.9914,坚持守正创新，是党的二十大报告总结提炼和深刻阐述的“六个必须坚持”之一，是习近平新时代中国特色社会主义思想的立场观点方法的重要体现，是其理论精髓的重要方面，也是我们党在新时代治国理政的重要思想方法
217,2,0.7437,关于大力发展全过程人民民主，习近平总书记强调大力发展全过程人民民主、健全人民当家作主制度体系，为推进中国式现代化广泛凝聚力量，鲜明提出把铸牢中华民族共同体意识作为新时代党的民族工作主线、民族地区各项工作的主线，推动党的民族工作高质量发展
218,0,0.9906,关于发展新时代中国特色社会主义文化，习近平总书记提出坚持党的文化领导权、更好担负起新的文化使命、加快建设文化强国，深刻阐释中华文明的突出特性，强调高扬中华民族的文化主体性，在创造性转化和创新性发展中赓续中华文脉
219,1,0.5425,关于推进国家安全体系和能力现代化，习近平总书记提出推动新时代社会工作高质量发展，以新安全格局保障新发展格局，强调完善基层治理体系
220,4,0.6306,关于深入推进新时代党的建设新的伟大工程，习近平总书记创造性提出并深刻阐释解决大党独有难题、健全全面从严治党体系、铲除腐败滋生的土壤和条件等重大命题；全面阐述深入推进党的自我革命的实践要求；强调坚持解放思想、实事求是、与时俱进、守正创新，不断深化对党的自我革命的规律性认识，深入推进全面从严治党，不断在革故鼎新、守正创新中实现自身跨越，为以中国式现代化全面推进强国建设、民族复兴伟业提供坚强保障
221,4,0.741,自2014年10月在德国法兰克福举行多语种版首发式以来，《习近平谈治国理政》已出版5卷、42个语种，发行覆盖180多个国家和地区，进入海外1700多家重要图书馆、500多家主流书店和线上平台，在全球5大洲40多个国家举办首发式、读者会、研讨会等国际宣介活动，受到各国政要、专家学者和各界读者的普遍欢迎，成为当今世界翻译出版语种最多、覆盖范围最广、影响力最大的领导人著作之一，是国际社会读懂习近平新时代中国特色社会主义思想、读懂中国共产党、读懂新时代中国、读懂中国式现代化的权威读本和重要文献
222,0,0.9899,10余年来，《习近平谈治国理政》的出版发行，开辟了系统宣介、阐释党的创新理论和新时代中国治国理政方略的新境界，书写了当代中国思想理论世界性传播的新篇章，在中外文明交流史上树立了新的里程碑
223,0,0.7992,习近平总书记系统科学回答了什么是中国式现代化、怎样推进中国式现代化的重大现实问题，继续深刻回答了建设什么样的社会主义现代化强国、怎样建设社会主义现代化强国的重大时代课题，初步构建并丰富发展了中国式现代化的理论体系，为新时代新征程以中国式现代化全面推进强国建设、民族复兴伟业提供了根本遵循和行动指南
224,0,0.9787,这是新时代中国共产党人对世界现代化理论和实践的重大创新，是为人类对更好社会制度的探索作出的新的贡献
225,0,0.9613,党的十八大以来，中国特色社会主义进入新时代
226,2,0.9913,习近平总书记亲自谋划、亲自部署、亲自推动，主持召开党的历史上第一次中央党的群团工作会议，连续三次出席中国妇女全国代表大会，并与全国妇联新一届领导班子成员集体谈话，就妇女儿童和妇联工作、注重家庭家教家风建设发表一系列重要论述，为新时代妇女事业发展指方向、定方位、明方针
227,2,0.5838,新时代中国妇女事业发展取得历史性成就，中国特色社会主义妇女发展道路越走越宽广
228,2,0.5614,值此峰会召开之际，为系统介绍新时代中国促进男女平等和妇女全面发展的理念原则和创新实践，生动展示中国妇女的卓越风采与责任担当，与世界各国一道推动全球妇女事业发展，特发布此白皮书
229,2,0.9836,加强妇女先进典型宣传，通过专题报道、宣传发布、组织先进事迹报告会等，大力宣传新时代妇女热爱祖国、奉献人民的家国情怀，自强不息、砥砺前行的奋斗精神，积极进取、崇德向善的高尚情操，男女平等理念在全社会大力倡扬
230,2,0.9905,加强优质网络内容供给，开展特色主题宣传，推出新时代妇女主题歌曲《花开中国》、妇联组织形象片《在一起》、家庭形象宣传片《我爱我家》等一批展示妇女时代风采、体现家国情怀的新媒体产品，在广大妇女、亿万家庭中广泛传播，妇女思想政治引领工作呈现新气象
231,2,0.7408,新时代家庭关系更加平等和谐
232,2,0.4103,中国妇女自觉把自身的前途命运同国家和民族的前途命运紧紧联系在一起，积极投身富强民主文明和谐美丽的社会主义现代化强国建设，以行动建功新时代，以奋斗创造美好生活
233,4,0.7882,女性文艺工作者创作出一大批精品力作，京剧《母亲》、芭蕾舞剧《沂蒙》、散文集《我的阿勒泰》、电视剧《山花烂漫时》、电影《秀美人生》、纪录片《海云阿姨》、综艺节目《花儿绽放》《乘风2024》、短剧《大妈的世界》等，塑造新时代妇女形象的文艺作品精彩纷呈
234,4,0.7076,全民健身活动广泛开展，“万村女性社会体育指导员培训计划”培养了6.5万余名农村女性社会体育指导员，截至2024年底，全国累计有社会体育指导员约371万人，女性占56.1%，在发展新时代全民健身事业中彰显巾帼担当
235,2,0.4501,新时代中国妇女的自尊自信自立自强精神，绽放在中国共产党领导下全国各族人民踔厉奋发的前行之路上；新时代中国妇女事业发展的光辉历程，深深融入到中国共产党领导下实现“两个一百年”奋斗目标的历史进程中
236,2,0.9897,中国将在习近平新时代中国特色社会主义思想指引下，坚定不移走中国特色社会主义妇女发展道路，坚持男女平等基本国策，深入实施中国妇女发展纲要，提升妇女综合素质，积极为妇女参与经济社会发展创造条件、搭建平台，保障妇女合法权益，让妇女走在时代前列
237,3,0.5765,浙江省委常委、宣传部部长赵承表示，浙江围绕推动“一带一路”文明交流互鉴，突出循迹溯源、立足“重要窗口”，向包括共建“一带一路”国家在内的世界各国讲好习近平主席的故事、讲好浙江人民践行习近平新时代中国特色社会主义思想的故事，深挖中华文明重要发祥地的内涵，办好良渚论坛，让中华文明与世界文明、共建“一带一路”国家文明在交流互鉴中焕发光彩
238,2,0.9767,以人民之心为心、以天下之利为利，新时代中国的领航者庄严承诺：“中国共产党是为中国人民谋幸福、为中华民族谋复兴的党，也是为人类谋进步、为世界谋大同的党
239,3,0.4313,"”
进入新时代，习近平总书记站在历史的高度，着眼中国人民和世界人民的共同利益，以大党大国领袖和世界级领袖的宽广战略视野、卓越政治智慧、深厚天下情怀，准确把握人类社会发展大势和演变规律，高瞻远瞩地提出构建人类命运共同体重大理念，在历史转折关头为世界和平发展指明方向，为人类共同进步凝聚强大共识"
240,2,0.938,新时代新征程，中华民族伟大复兴何以势不可挡
241,1,0.9888,从一派衰败凋零的景象到一派欣欣向荣的气象，中国共产党领导人民取得了新民主主义革命、社会主义革命和建设、改革开放和社会主义现代化建设的伟大胜利，开创了中国特色社会主义新时代，中华民族迎来了从站起来、富起来到强起来的伟大飞跃，中华民族伟大复兴的历史进程不可逆转
242,4,0.7488,新时代以来，从勇担建设“五个中心”的重要使命，到“加快建成具有全球影响力的科技创新高地”，再到深入践行人民城市理念、发展全过程人民民主……上海日益成为具有世界影响力的社会主义现代化国际大都市，去年地区生产总值超过5万亿元
243,4,0.661,从“一个尊重、五个统筹”到“一个优化、六个建设”，从“走出一条中国特色城市发展道路”到“走出一条中国特色城市现代化新路子”……习近平总书记现代化人民城市理论为我国城市发展擘画宏伟蓝图、指明实践路径，实现了马克思主义城市理论在新时代的原创性突破
244,0,0.9878,”习近平新时代中国特色社会主义思想不断回答中国之问、世界之问、人民之问、时代之问，为实现中华民族伟大复兴提供了科学指引和行动指南
245,0,0.6334,一个结论分外明晰：“两个确立”对新时代党和国家事业发展、对推进中华民族伟大复兴历史进程具有决定性意义
246,4,0.7074,”牢固树立大农业观、大食物观，以农业科技现代化为支撑，我国粮食生产实现“21连丰”……新时代中国实现了“中国人的饭碗主要装中国粮”的历史性变革，夯实了稳大局、应变局、开新局的“压舱石”
247,4,0.9854,”建起全球最大、发展最快的可再生能源体系，建成全球最大、最完整的新能源产业链，成为全球能耗强度降低最快的国家之一……新时代中国找到“顺应能源大势之道”，为经济社会发展提供了有力支撑
248,4,0.6796,新时代生态文明建设成就举世瞩目，实现由重点整治到系统治理、由被动应对到主动作为、由全球环境治理参与者到引领者、由实践探索到科学理论指导“四个重大转变”，成为新时代党和国家事业取得历史性成就、发生历史性变革的显著标志
249,1,0.8207,"…………
新时代的伟大成就和变革，开辟了中国式现代化的广阔前景，为全面建成社会主义现代化强国、实现中华民族伟大复兴奠定了更加坚实的基础"
250,4,0.9686,62.8万建档立卡贫困人口全部脱贫，全区人均预期寿命从2010年的68.17岁提高到目前的72.5岁……新时代以来，西藏步入发展最好、变化最大、各族群众得实惠最多的历史时期
251,4,0.9876,"”
新时代以来，从“一个都不能少”的全面小康，到“一个都不能掉队”的共同富裕，再到建成世界上规模最大的教育体系、社会保障体系、医疗卫生体系……为人民谋幸福，初心如磐；让现代化建设成果更多更公平惠及全体人民，矢志不移"
252,2,0.579,中老铁路，使老挝从“陆锁国”变为“陆联国”；秘鲁钱凯港，成为“新时代的印加古道”新起点……高质量共建“一带一路”，筑就共同发展的机遇之路、繁荣之路
253,2,0.5679,“我们对时间的理解，是以百年、千年为计”“中国共产党立志于中华民族千秋伟业”……对时间的信念中，镌刻着新时代中国共产党人的历史自觉和历史担当
254,0,0.9892,有以习近平同志为核心的党中央坚强领导，有习近平新时代中国特色社会主义思想科学指引，有中国特色社会主义制度显著优势，有亿万中国人民团结奋斗——向前进，我们信心十足、底气十足、力量十足
255,0,0.9845,"”
“创造了五千多年辉煌文明的中华民族，必将在新时代新征程上创造出新的更大辉煌，必将为人类和平和发展的崇高事业作出新的更大贡献"
256,0,0.9903,他表示，《习近平谈治国理政》第五卷是新时代中国共产党人坚持和发展中国特色社会主义的最新理论结晶，生动记录了习近平总书记带领党和人民继续进行伟大斗争、建设伟大工程、推进伟大事业、实现伟大梦想的历史进程
257,0,0.9896,学习《习近平谈治国理政》第五卷，最重要的就是深刻领悟“两个确立”的决定性意义，增强“四个意识”、坚定“四个自信”、做到“两个维护”，自觉做新时代党的创新理论的坚定信仰者和忠实实践者
258,0,0.939,蔡奇表示，《习近平谈治国理政》第五卷是对党的二十大以来党领导人民推进中国式现代化伟大实践的科学总结，集中展现了我们党坚持“两个结合”、推进马克思主义中国化时代化的最新成果，充分反映了我们党推动构建人类命运共同体的智慧担当，为我们进一步学习贯彻习近平新时代中国特色社会主义思想提供了权威教材
259,0,0.9872,要加深对马克思主义中国化时代化最新成果的理解，坚持不懈用习近平新时代中国特色社会主义思想凝心铸魂，自觉用以武装头脑、指导实践、推动工作
260,0,0.6001,要将《习近平谈治国理政》第一卷至第五卷作为一个整体，认真组织学习，深化理论研究，加强宣传阐释，创新对外宣传，把学习宣传贯彻习近平新时代中国特色社会主义思想引向深入，激励广大党员、干部和群众为以中国式现代化全面推进强国建设、民族复兴伟业而努力奋斗
261,3,0.7715,这是继全球发展倡议、全球安全倡议、全球文明倡议之后，新时代中国向世界贡献的又一重要公共产品，为动荡不安的世界注入稳定性和确定性
262,3,0.9667,两国保持高层密切交往，为构建新时代全天候中柬命运共同体指明方向
263,2,0.9678,（作者为上海市习近平新时代中国特色社会主义思想研究中心研究员，中共上海市委党校副校长、教授）
264,0,0.7523,特别是进入新时代以来，以习近平同志为核心的党中央把气象事业摆到更加重要的位置，习近平总书记多次作出重要指示批示，为气象高质量发展指明了方向、提供了根本遵循
265,2,0.5339,进入新时代，广大气象工作者牢记习近平总书记殷切嘱托，时刻把人民的安危福祉放在心中、担在肩上，坚持趋利避害并举，在全心全意为人民服务的道路上步履坚定
266,4,0.9812,进入新时代，广大气象工作者锚定高质量发展首要任务，坚持开拓创新、精益求精，深入攻坚应对极端天气、适应气候变化的监测预报预警“实战能力”，全球气象服务的步伐不断加快
267,4,0.7551,进入新时代，广大气象工作者心系“国之大者”，把个人价值追求融入党和人民事业，把气象现代化建设融入中国式现代化伟大实践，为气象高质量发展和构建人类命运共同体作出积极贡献
268,0,0.9883,作为当代中国马克思主义、二十一世纪马克思主义，习近平新时代中国特色社会主义思想贯通体现着马克思主义大本大源，并以一系列原创性成果谱写了马克思主义中国化时代化新篇章
269,0,0.9872,深刻把握马克思主义的强大生命力，对于坚定理论自信，更好学习贯彻运用习近平新时代中国特色社会主义思想，具有重要意义
270,0,0.9749,坚持人民至上，是习近平新时代中国特色社会主义思想的根本立场，是贯穿其中的红线
271,0,0.8286,习近平新时代中国特色社会主义思想立足我国国情，准确把握我国发展的历史方位，从人类发展大潮流、世界变化大格局、中国发展大历史的战略高度深刻分析形势、科学谋划未来，提出一系列具有战略性、前瞻性、引领性的目标任务
272,0,0.9872,习近平新时代中国特色社会主义思想坚持把马克思主义基本原理同中国具体实际相结合、同中华优秀传统文化相结合，形成一系列原创性成果，极大丰富和发展了马克思主义
273,0,0.9892,习近平总书记在创立和发展习近平新时代中国特色社会主义思想过程中，不断深化对理论创新的规律性认识，概括了推进马克思主义中国化时代化必须坚持“两个结合”的根本途径和“六个必须坚持”的科学方法
274,1,0.5806,在习近平新时代中国特色社会主义思想指引下，我们党团结带领人民不断推进实践创新，推动党和国家事业取得历史性成就、发生历史性变革，深化拓展了中国式现代化这条强国建设、民族复兴的康庄大道，形成了推进中国式现代化的理论体系、战略体系、制度体系、政策体系以及一系列思路举措，使中国式现代化特色更加鲜明、优势更加彰显、前景更加光明，续写了经济快速发展、社会长期稳定“两大奇迹”的崭新篇章，实现中华民族伟大复兴进入了不可逆转的历史进程
275,0,0.5634,习近平新时代中国特色社会主义思想彻底的批判力主要体现为敢于斗争、善于斗争，体现为敢于直面经济社会发展中的突出矛盾和问题，积极应对各种风险和挑战，以自我革命精神消除影响党的先进性和纯洁性的一切消极因素，以强大定力和底气同外部围堵遏制打压作坚决斗争
276,1,0.986,当股份制刚出现时，马克思就敏锐地观察到“在工业上运用股份公司的形式，标志着现代各国经济生活中的新时代”“是发展现代社会生产力的强大杠杆”，并且认为“股份资本，作为最完善的形式（导向共产主义的）”，是资本再转化为“联合起来的生产者的财产，即直接的社会财产”的“过渡点”
277,0,0.986,习近平新时代中国特色社会主义思想在推动马克思主义中国化时代化的过程中，始终保持开放姿态，熔铸古今、汇通中西，思接千载、视通万里，内容博大精深，是中华文化和中国精神的时代精华
278,0,0.9906,习近平新时代中国特色社会主义思想用马克思主义激活中华优秀传统文化并赋予其新的时代内涵，充分吸收中华优秀传统文化中天下为公、民为邦本、为政以德、革故鼎新、任人唯贤、德主刑辅、以德化人等安邦理政的治国之道，正心诚意、修身齐家、自强不息、厚德载物、慎微慎独、迁善改过、推己及人、重诺守信、抑恶扬善、扶危济困等修身处世的道德理念，究天人之际、通古今之变、察万物之源等格物究理的思想方法，言简意赅、意深辞雄、凝练晓畅、质文兼备的表达方式，体现了深厚的中华文化情怀
279,0,0.9826,习近平新时代中国特色社会主义思想不仅蕴含着丰富的政治智慧、思想智慧、经验智慧，而且闪耀着人格光辉
280,3,0.8557,从2000多年前的丝绸之路，到新时代的共建“一带一路”，“中国—中亚精神”熠熠生辉，六国合作欣欣向荣
281,3,0.6667,作为新时代军工人，我们将传承和弘扬伟大抗战精神，为强军事业添砖加瓦，为捍卫和平提供坚强保障
282,2,0.9477,传承先辈精神，我一定要当好新时代的人民健康卫士
283,3,0.667,作为新时代军工人，我们将传承和弘扬伟大抗战精神，为强军事业添砖加瓦，为捍卫和平提供坚强保障
284,2,0.9477,传承先辈精神，我一定要当好新时代的人民健康卫士
285,2,0.9808,"（作者为中央党校（国家行政学院）习近平新时代中国特色社会主义思想研究中心研究员）
《 人民日报 》（ 2025年09月09日   09 版）"
286,2,0.9878,伟大抗战精神是中国人民弥足珍贵的精神财富，在新征程上必将引领我们以更加昂扬的斗志和更加坚定的信念，凝聚起推动强国建设和民族复兴的磅礴力量，不断夺取新时代伟大斗争的新胜利
287,2,0.9913,民革将更加紧密地团结在以习近平同志为核心的中共中央周围，把对伟大抗战精神的传承和弘扬，转化为履职尽责的强大动力，牢记初心使命，不断提高政治站位，发挥特色和优势，在新时代的伟大征程上，为实现中华民族伟大复兴、推进祖国完全统一贡献智慧和力量
288,2,0.9917,作为密切联系经济界的中国特色社会主义参政党，民建将铭记合作初心、传承政治薪火、深化政治共识，更加紧密地团结在以习近平同志为核心的中共中央周围，传承和弘扬伟大抗战精神，满怀信心、踔厉奋发，为实现强国建设、民族复兴伟业凝聚人心、凝聚共识、凝聚智慧、凝聚力量，谱写新时代多党合作事业新篇章
289,1,0.7681,新征程上，台盟坚决贯彻新时代中国共产党解决台湾问题的总体方略，坚持一个中国原则，坚决反对任何形式的“台独”分裂图谋和行径，继续发挥亲情乡情优势，努力为两岸融合发展架桥铺路，矢志不渝地做祖国和平统一的推动者，团结广大台湾同胞共创祖国统一、民族复兴的光荣伟业
290,0,0.6472,这一系列重要论述是坚持“两个结合”、推进妇女儿童和家庭领域理论创新的重大成果，为新时代妇女儿童事业和家庭家教家风工作高质量发展提供了强大思想武器和科学行动指南
291,3,0.9893,访问越南，赓续“越中情谊深、同志加兄弟”的传统友谊，构建具有战略意义的中越命运共同体取得新成果；访问马来西亚，回顾中马“切水不断”的世代情谊，推动高水平战略性中马命运共同体破浪前行；访问柬埔寨，引领中柬率先在双边层面构建新时代全天候命运共同体
292,1,0.6802,他表示，俄方将同中方一道，不断推动俄中新时代全面战略协作伙伴关系和各领域合作迈上新台阶
293,2,0.9678,”习近平总书记的重要讲话激励大家在新时代进一步弘扬伟大抗战精神
294,3,0.951,北京中轴线上，饱经沧桑的端门静静屹立，见证新时代大国外交的万千气象
295,3,0.9078,脚下，红毯自端门正中铺展，南贯天安门，越金水桥，抵长安街，将600年城垣与新时代大国外交庄严相接
296,1,0.9487,身后，是承载厚重文明的古老紫禁城；面前，是迈向复兴伟业的新时代盛景
297,2,0.9014,"”时光来到新时代，那最深切的呐喊，最深情的告白，引发最持久的掌声，也是亿万人民最深沉的共鸣：
“正义必胜"
298,2,0.8603,从这场晚会，看向新时代新征程，年轻一代不负韶华，堪当重任
299,3,0.942,而今，当步履铿锵、机甲轰鸣的45个方（梯）队依次通过天安门广场，捍卫和平的钢铁长城肩负着新时代神圣使命
300,3,0.5757,"站在继往开来的历史关口，新时代领路人初心如磐：
“让和平的薪火代代相传，让发展的动力源源不断，让文明的光芒熠熠生辉，是各国人民的期待，也是我们这一代政治家应有的担当"
301,2,0.9783,这场阅兵不仅是对历史的致敬，更是一场精神的接力——从烽火岁月走来的老兵，到成长于新时代的青年，爱国的种子早已在血脉中扎根，化作跨越代际的信仰之光，照亮中华民族前行的道路
302,3,0.8941,在会见武契奇时，赵乐际表示，习近平主席去年5月成功访塞，同总统先生共同引领中塞关系迈上构建新时代命运共同体的新征程
303,3,0.9782,2018年，中巴两国一致同意加强中巴全天候战略合作伙伴关系、打造新时代更加紧密的中巴命运共同体
304,4,0.8637,在他心中，新时代军人要像先辈们那样英勇善战，延续荣光
305,4,0.9801,"这是新时代人民军队政治建军新风貌、力量结构新布局、现代化建设新进展、备战打仗新成效的集中展示——
徒步方队走过来了"
306,3,0.9419,"”
亲历盛大纪念活动，孟加拉国《新时代报》记者坦齐勒·拉赫曼难掩激动：“唯有全世界人民携手并肩，才能让和平永续"
307,3,0.6834,2022年11月，古共中央第一书记、古巴国家主席迪亚斯—卡内尔对中国进行国事访问期间，两国元首达成共建中古命运共同体的重要共识，这是中国同拉美和加勒比国家间首个双边命运共同体，双方发表《中华人民共和国和古巴共和国关于深化新时代中古关系的联合声明》
308,3,0.5916,两国元首就中古两党两国关系深入交换意见，达成重要共识，一致同意继续加强战略沟通，增进高层交往，深化双多边政治协作，推动各层级交往和各领域合作，进一步深化新时代中古特殊友好关系，加快构建中古命运共同体
309,0,0.8962,二、古方高度评价习近平新时代中国特色社会主义思想的突出理论和实践贡献，祝愿在习近平同志、中国共产党的坚强领导下，中国人民不断取得社会主义建设新的伟大成就
310,4,0.8256,身处新时代，我们要以总书记重要讲话为指引，推进巩固拓展脱贫攻坚成果同乡村振兴有效衔接，带领老百姓实现产业更强、生活更好、乡村更美
311,0,0.9826,金正恩指出，在习近平总书记坚强领导下，在习近平新时代中国特色社会主义思想指引下，中国取得伟大发展成就
312,2,0.9796,"（作者为北京市习近平新时代中国特色社会主义思想研究中心特约研究员）
《 人民日报 》（ 2025年09月04日   12 版）"
313,3,0.9809,今年4月，在两国领导人战略引领下，中柬关系定位提升为新时代全天候中柬命运共同体，标志着两国关系迈入历史新阶段
314,2,0.9239,2025，奋进新时代的火热篇章
315,4,0.6128,人民军队沿着党指引的方向，向着实现党在新时代的强军目标阔步前进
316,1,0.6215,今年夏天，中国人民解放军建军98周年之际，习主席签署命令，发布兵种军旗旗面式样，标志着我军构建起新时代人民军队军旗体系
317,0,0.7989,新时代强军事业取得历史性成就、发生历史性变革，最根本的是习近平主席领航掌舵、习近平强军思想科学指引
318,3,0.942,2024年，习主席给连队全体官兵回信，希望他们“在新时代新征程上再创佳绩、再立新功”
319,4,0.5427,新时代官兵弘扬伟大抗战精神，续写英雄部队荣光，人民军队血脉永续、根基永固、优势永存
320,4,0.6479,牢记统帅的厚重期许，全军官兵践行党在新时代的强军目标，担当强军重任，全力以赴打好实现建军一百年奋斗目标攻坚战，为强军事业艰苦奋斗、顽强奋斗、不懈奋斗
321,1,0.5237,”中央党校（国家行政学院）国际战略研究院院长吴志成说，新时代的中国以更加开放的姿态拥抱世界、以更有活力的文明成就贡献世界，并坚定站在历史正确一边、站在公平正义一边，反对一切形式的霸权主义和强权政治，将为人类进步事业作出新的更大贡献
322,1,0.8293,在中国共产党的坚强领导下，中国人民创造了“两大奇迹”，成功开辟了中国特色社会主义道路，开创了中国特色社会主义新时代，中华民族迎来了从站起来、富起来到强起来的伟大飞跃，实现中华民族伟大复兴进入了不可逆转的历史进程
323,4,0.4842,历史充分表明，中国共产党是风雨来袭时全体人民最可靠的主心骨，新时代的伟大成就是党和人民一道拼出来、干出来、奋斗出来的，充分彰显了“两个确立”的决定性意义
324,1,0.8289,新时代新征程，全国各族人民要在中国共产党坚强领导下，坚持马克思列宁主义、毛泽东思想、邓小平理论、“三个代表”重要思想、科学发展观，全面贯彻新时代中国特色社会主义思想，坚定不移走中国特色社会主义道路，传承和弘扬伟大抗战精神，踔厉奋发、勇毅前行，为以中国式现代化全面推进强国建设、民族复兴伟业而团结奋斗
325,0,0.7131,第五场“正义永恒”中，情境对话《如你所愿》情感真挚，仪式仪仗表演《守护正义》、领唱与合唱《势不可挡》将演出推向高潮，描绘了新时代中国的壮阔气象，昭示正义必胜的真理力量
326,1,0.8184,习近平强调，新时代新征程，全国各族人民要在中国共产党坚强领导下，坚持马克思列宁主义、毛泽东思想、邓小平理论、“三个代表”重要思想、科学发展观，全面贯彻新时代中国特色社会主义思想，坚定不移走中国特色社会主义道路，传承和弘扬伟大抗战精神，踔厉奋发、勇毅前行，为以中国式现代化全面推进强国建设、民族复兴伟业而团结奋斗
327,4,0.9881,这次阅兵，共有45个方（梯）队受阅，多数武器装备首次亮相，充分展现抗战英雄部队的血脉传承，充分展示新时代人民军队政治建军新风貌、力量结构新布局、现代化建设新进展、备战打仗新成效
328,1,0.8184,习近平强调，新时代新征程，全国各族人民要在中国共产党坚强领导下，坚持马克思列宁主义、毛泽东思想、邓小平理论、“三个代表”重要思想、科学发展观，全面贯彻新时代中国特色社会主义思想，坚定不移走中国特色社会主义道路，传承和弘扬伟大抗战精神，踔厉奋发、勇毅前行，为以中国式现代化全面推进强国建设、民族复兴伟业而团结奋斗
329,4,0.9881,这次阅兵，共有45个方（梯）队受阅，多数武器装备首次亮相，充分展现抗战英雄部队的血脉传承，充分展示新时代人民军队政治建军新风貌、力量结构新布局、现代化建设新进展、备战打仗新成效
330,1,0.8292,新时代新征程，全国各族人民要在中国共产党坚强领导下，坚持马克思列宁主义、毛泽东思想、邓小平理论、“三个代表”重要思想、科学发展观，全面贯彻新时代中国特色社会主义思想，坚定不移走中国特色社会主义道路，传承和弘扬伟大抗战精神，踔厉奋发、勇毅前行，为以中国式现代化全面推进强国建设、民族复兴伟业而团结奋斗
331,1,0.644,新时代的中国，面对世界百年未有之大变局，改革发展稳定任务之重、矛盾风险挑战之多、治国理政考验之大，前所未有
332,3,0.9627,中塞两国人民并肩反抗法西斯侵略者的战斗经历，既是两国共同的宝贵财富，也是两国关系在新时代不断发展的坚实基础
333,3,0.9766,2024年5月，习近平主席时隔8年再次对塞尔维亚进行国事访问，同塞尔维亚总统武契奇宣布构建新时代中塞命运共同体
334,3,0.9809,中塞构建新时代命运共同体，是中塞铁杆友谊的升华，进一步拓展了构建人类命运共同体在全球的生动实践
335,0,0.703,有以习近平同志为核心的党中央坚强领导，有习近平新时代中国特色社会主义思想科学指引，有中国特色社会主义制度显著优势，有亿万人民众志成城、团结一心，就没有任何力量能够阻挡中华民族实现伟大复兴的铿锵步伐，我们一定能不断丰富和发展人类文明新形态，推动构建人类命运共同体，同各国人民一道共同开创世界的美好未来
336,3,0.9747,全球治理倡议是继三大全球倡议之后，新时代中国向世界贡献的又一重要公共产品
337,1,0.5385,俄中在世界反法西斯战争中的团结合作也成为新时代俄中关系发展的坚实基础
338,1,0.5385,俄中在世界反法西斯战争中的团结合作也成为新时代俄中关系发展的坚实基础
339,3,0.9924,新时代以来，习近平主席胸怀人类前途命运，回应国际社会期待，提出推动构建人类命运共同体，提出全球发展倡议、全球安全倡议、全球文明倡议，弘扬全人类共同价值，推进影响深远的重大实践举措，书写了多边主义新篇章，开辟了国际关系新境界
340,1,0.98,烽火连天的革命岁月，“四万万人齐蹈厉”；热火朝天的建设年代，“敢教日月换新天”；激情燃烧的历史新时期，“越是艰险越向前”；波澜壮阔的新时代，“踏平坎坷成大道”……在中国共产党的领导下，中华民族迎来了从站起来、富起来到强起来的伟大飞跃
341,4,0.5408,从完成脱贫攻坚、全面建成小康社会的历史任务，到稳居世界第二大经济体、货物贸易第一大国……新时代的伟大成就，充分彰显了“两个确立”的决定性意义，更加坚定了中国人民走自己的路的必胜信念
342,2,0.9827,从鲁班工坊、上合大学，到“健康快车国际光明行”、上合国家儿童画展……不久前，《新时代的上合故事》新书发布，讲述了上合组织国家在科技、卫生、教育、体育等领域的合作案例
343,1,0.8609,"”
肥沃的创作土壤，催生出越来越多跨国合作项目：中俄合拍纪录片《这里是中国》展示新时代中国的多彩面貌；中哈合作纪录片《中国考古》呈现双方联合考古的生动故事……影视艺术跨越国界，成为共同的语言，让普通民众产生深刻的情感连接"
344,1,0.663,中俄关系是动荡变革的当今世界最稳定、最成熟、最富战略内涵的一组大国关系，双方将弘扬正确二战史观，捍卫二战胜利成果，推进中俄新时代全面战略协作伙伴关系，为人类进步事业作出更大贡献
345,3,0.8305,壮大于新时代，上合组织已成为中国周边外交理念的重要实践平台，也是中国携手各方共同践行真正的多边主义、推动构建人类命运共同体的重要舞台
346,0,0.9941,习近平新时代中国特色社会主义思想是坚持把马克思主义基本原理同中国具体实际相结合、同中华优秀传统文化相结合取得的重大理论创新成果，是当代中国马克思主义、二十一世纪马克思主义，是中华文化和中国精神的时代精华，实现了马克思主义中国化时代化新的飞跃，为以中国式现代化全面推进强国建设、民族复兴伟业提供了科学行动指南
347,0,0.9926,党的二十大深刻阐释“两个结合”的丰富内涵和实践要求，精辟概括习近平新时代中国特色社会主义思想的世界观、方法论和贯穿其中的立场观点方法，并对开辟马克思主义中国化时代化新境界提出新要求，对坚持不懈用党的创新理论凝心铸魂作出部署
348,0,0.9419,《习近平谈治国理政》第一卷至第四卷的出版，在用习近平新时代中国特色社会主义思想武装头脑、指导实践、推动工作，帮助国际社会增进对中国之路、中国之治、中国之理的理解认识方面，发挥了重要作用
349,0,0.8423,《习近平谈治国理政》第五卷生动记录了面对严峻复杂的国际环境和艰巨繁重的国内改革发展稳定任务，以习近平同志为核心的党中央统筹国内国际两个大局，完整准确全面贯彻新发展理念，着力推动高质量发展，谋划和推动进一步全面深化改革，推进高水平对外开放，攻坚克难、砥砺奋进，推动全面建设社会主义现代化国家迈出坚实步伐的生动实践，集中展现了坚持“两个结合”、推进马克思主义中国化时代化的最新成果，充分反映了我们党为推动构建人类命运共同体贡献的智慧方案，是全面系统反映习近平新时代中国特色社会主义思想最新成果的权威著作
350,0,0.9449,《习近平谈治国理政》第五卷的出版发行，对于推动广大党员、干部、群众进一步学习贯彻习近平新时代中国特色社会主义思想，更加深刻领悟“两个确立”的决定性意义，增强“四个意识”、坚定“四个自信”、做到“两个维护”，万众一心为实现党的二十大描绘的宏伟蓝图而团结奋斗；对于帮助国际社会及时了解这一重要思想的最新发展，加深对中国理念、中国方案、中国智慧的理解，携手共建人类命运共同体，具有重要意义
351,0,0.9853,认真学习《习近平谈治国理政》第五卷，是用习近平新时代中国特色社会主义思想武装全党、教育人民、指导实践的重要举措
352,0,0.692,各级党校（行政学院）、干部学院要把《习近平谈治国理政》第五卷纳入培训教学重要内容，各高校要将其作为思想政治教育重要教材，各级党委讲师团以及新时代文明实践中心、市县级融媒体中心要加强对象化、分众化宣讲宣传，不断增强吸引力感染力
353,2,0.7394,要坚持理论联系实际的马克思主义学风，结合做好改革发展稳定等各方面工作，更好用习近平新时代中国特色社会主义思想统一思想、统一意志、统一行动，创造性地贯彻落实党中央各项决策部署，凝聚起以中国式现代化全面推进强国建设、民族复兴伟业的磅礴力量
354,0,0.9941,习近平新时代中国特色社会主义思想是坚持把马克思主义基本原理同中国具体实际相结合、同中华优秀传统文化相结合取得的重大理论创新成果，是当代中国马克思主义、二十一世纪马克思主义，是中华文化和中国精神的时代精华，实现了马克思主义中国化时代化新的飞跃，为以中国式现代化全面推进强国建设、民族复兴伟业提供了科学行动指南
355,0,0.9926,党的二十大深刻阐释“两个结合”的丰富内涵和实践要求，精辟概括习近平新时代中国特色社会主义思想的世界观、方法论和贯穿其中的立场观点方法，并对开辟马克思主义中国化时代化新境界提出新要求，对坚持不懈用党的创新理论凝心铸魂作出部署
356,0,0.9419,《习近平谈治国理政》第一卷至第四卷的出版，在用习近平新时代中国特色社会主义思想武装头脑、指导实践、推动工作，帮助国际社会增进对中国之路、中国之治、中国之理的理解认识方面，发挥了重要作用
357,0,0.8423,《习近平谈治国理政》第五卷生动记录了面对严峻复杂的国际环境和艰巨繁重的国内改革发展稳定任务，以习近平同志为核心的党中央统筹国内国际两个大局，完整准确全面贯彻新发展理念，着力推动高质量发展，谋划和推动进一步全面深化改革，推进高水平对外开放，攻坚克难、砥砺奋进，推动全面建设社会主义现代化国家迈出坚实步伐的生动实践，集中展现了坚持“两个结合”、推进马克思主义中国化时代化的最新成果，充分反映了我们党为推动构建人类命运共同体贡献的智慧方案，是全面系统反映习近平新时代中国特色社会主义思想最新成果的权威著作
358,0,0.9449,《习近平谈治国理政》第五卷的出版发行，对于推动广大党员、干部、群众进一步学习贯彻习近平新时代中国特色社会主义思想，更加深刻领悟“两个确立”的决定性意义，增强“四个意识”、坚定“四个自信”、做到“两个维护”，万众一心为实现党的二十大描绘的宏伟蓝图而团结奋斗；对于帮助国际社会及时了解这一重要思想的最新发展，加深对中国理念、中国方案、中国智慧的理解，携手共建人类命运共同体，具有重要意义
359,0,0.9853,认真学习《习近平谈治国理政》第五卷，是用习近平新时代中国特色社会主义思想武装全党、教育人民、指导实践的重要举措
360,0,0.6918,各级党校（行政学院）、干部学院要把《习近平谈治国理政》第五卷纳入培训教学重要内容，各高校要将其作为思想政治教育重要教材，各级党委讲师团以及新时代文明实践中心、市县级融媒体中心要加强对象化、分众化宣讲宣传，不断增强吸引力感染力
361,2,0.7394,要坚持理论联系实际的马克思主义学风，结合做好改革发展稳定等各方面工作，更好用习近平新时代中国特色社会主义思想统一思想、统一意志、统一行动，创造性地贯彻落实党中央各项决策部署，凝聚起以中国式现代化全面推进强国建设、民族复兴伟业的磅礴力量
362,4,0.623,“我们希望，无论是从这段历史中走来的人们，还是在新时代中对这段历史有着深刻回望的人们，都能在这场晚会的精彩演绎中受到历史的洗礼，有深思、有感触
363,4,0.9896,"完成3次综合演练，阅兵准备基本就绪
这次阅兵是纪念活动的重要组成部分，参阅力量要素全、结构编成体系化，武器装备数量多、初次亮相占比高，是进入新时代新征程人民军队政治建军新风貌、力量结构新布局、现代化建设新进展、备战打仗新成效的一次集中展示"
364,1,0.9735,"新时代以来，这样的“首次”还有很多——
首次通过立法确定中国人民抗日战争胜利纪念日、烈士纪念日、南京大屠杀死难者国家公祭日"
365,3,0.628,"引领发扬精神
为强国建设、民族复兴提供精神动力，为新时代加强和改善党的领导提供精神支撑，为推动构建人类命运共同体提供精神基础
今天，该怎样发扬伟大抗战精神"
366,3,0.7349,"”
——发扬伟大抗战精神，为新时代加强和改善党的领导提供精神支撑"
367,0,0.7022,新时代发扬伟大抗战精神，就要更加坚定拥护“两个确立”、坚决做到“两个维护”，勇于自我革命，一刻不停全面从严治党，确保党始终成为中国特色社会主义事业的坚强领导核心
368,1,0.9735,"新时代以来，这样的“首次”还有很多——
首次通过立法确定中国人民抗日战争胜利纪念日、烈士纪念日、南京大屠杀死难者国家公祭日"
369,3,0.6279,"引领发扬精神
为强国建设、民族复兴提供精神动力，为新时代加强和改善党的领导提供精神支撑，为推动构建人类命运共同体提供精神基础
今天，该怎样发扬伟大抗战精神"
370,3,0.7349,"”
——发扬伟大抗战精神，为新时代加强和改善党的领导提供精神支撑"
371,0,0.7259,新时代发扬伟大抗战精神，就要更加坚定拥护“两个确立”、坚决做到“两个维护”，勇于自我革命，一刻不停全面从严治党，确保党始终成为中国特色社会主义事业的坚强领导核心
372,4,0.6229,“我们希望，无论是从这段历史中走来的人们，还是在新时代中对这段历史有着深刻回望的人们，都能在这场晚会的精彩演绎中受到历史的洗礼，有深思、有感触
373,4,0.9896,"完成3次综合演练，阅兵准备基本就绪
这次阅兵是纪念活动的重要组成部分，参阅力量要素全、结构编成体系化，武器装备数量多、初次亮相占比高，是进入新时代新征程人民军队政治建军新风貌、力量结构新布局、现代化建设新进展、备战打仗新成效的一次集中展示"
374,0,0.994,党的十八大以来，以习近平同志为核心的党中央深刻把握生态文明建设在新时代中国特色社会主义事业中的重要地位和战略意义，大力推动生态文明理论创新、实践创新、制度创新，提出一系列新理念新思想新战略，形成了习近平生态文明思想，为新时代我国生态文明建设提供了根本遵循和行动指南
375,0,0.994,党的十八大以来，以习近平同志为核心的党中央深刻把握生态文明建设在新时代中国特色社会主义事业中的重要地位和战略意义，大力推动生态文明理论创新、实践创新、制度创新，提出一系列新理念新思想新战略，形成了习近平生态文明思想，为新时代我国生态文明建设提供了根本遵循和行动指南
376,0,0.8583,我们必须以习近平新时代中国特色社会主义思想为指导，学深悟透习近平总书记关于中国人民抗日战争研究的重要论述，自觉抵制与批驳历史虚无主义，坚定历史自信，把握历史主动，深入开展中国人民抗日战争研究
377,4,0.889,因此，必须坚持正确历史观，继续进行深入系统的抗战研究，不断推出具有思想穿透力的精品力作，推动新时代抗战史学繁荣发展
378,4,0.5125,张又侠指出，要深刻认识中国共产党的中流砥柱作用，强固党指挥枪这一根本优势，真学真懂真信真用习近平新时代中国特色社会主义思想，推动政治建军走深走实，确保人民军队永远听党话跟党走
379,4,0.9611,要续写英雄人民军队的浴血荣光，强化牺牲奉献精神，发扬奋斗实干作风，永葆革命军人气节风骨，让我党我军优良传统在新时代发扬光大
380,1,0.9811,赵乐际说，在习近平主席和普京总统的战略引领下，中俄新时代全面战略协作伙伴关系始终保持健康、稳定、高水平发展态势
381,3,0.5336,中国全国人大愿同俄罗斯联邦会议一道，以落实两国元首重要共识为根本遵循，充分发挥合作机制平台作用，持续加强交流合作，助力中俄新时代全面战略协作伙伴关系深入发展
382,3,0.4482,要拓展机制交流的内容和形式，适应新时代中俄关系发展需要，立足立法机构职能职责，互学互鉴治国理政和立法、监督等方面经验，助力各自国家发展振兴；及时批准有关双边条约和协定，推动合作协议和项目落实见效，为两国务实合作提供法律保障；发挥人大代表和议员的特点优势，为经贸合作、人文交流牵线搭桥；活跃妇女、青年代表和议员的交流，鼓励和支持两国地方立法机构加强交流，形成更多接地气、惠民生的合作成果
383,1,0.9735,沃洛金表示，在两国元首战略引领下，俄中新时代全面战略协作伙伴关系深入发展
384,0,0.4066,全球安全倡议成为习近平新时代中国特色社会主义思想在安全和外交领域的原创性概念、标识性概念，成为具有全球影响力的国际共识，得到世界广泛赞同和响应
385,4,0.9558,新时代中国外交顶层设计的重要理念基础
386,1,0.7697,全球安全倡议中的理论创新，如安全不可分割原则、安全共同体理念、可持续安全理念等，成为新时代中国外交顶层设计和政策制定的重要理念基础
387,3,0.9897,新时代中国青年要勇于承担维护世界和平的历史使命与时代责任，不断为世界和平发展注入理性认知、拓展思想维度、建设交流平台、构筑情感根基，携手世界各国青年为推动构建人类命运共同体贡献智慧和力量
388,3,0.8207,新时代中国青年需要不断强化对和平理念的学习、体悟与倡导，坚定捍卫世界和平的理想信念
389,3,0.4983,新时代中国青年要志存高远，培养全球视野，树立既有家国情怀又有人类关怀的世界观念，以全球性问题为切入点，增进同各国青年的思想交流
390,3,0.7939,新时代中国青年应积极组织和投身旨在维护世界和平的国际文化交流活动，采取“走出去”和“请进来”、“线上”和“线下”、官方和民间相结合等方式，多渠道、多形式加强与世界各国青年的思想碰撞
391,3,0.9797,新时代中国青年应同世界青年一道，积极投身和平发展事业，以更生动、接地气的方式，在不同文明之间架起沟通桥梁
392,3,0.4764,新时代以来，习近平主席身体力行，擘画周边外交，推动上合组织发展，提出一系列重要倡议和主张，为组织发展壮大、发挥作用源源不断贡献中国智慧、中国方案、中国动力
393,4,0.5987,新时代以来，习近平总书记不断丰富和发展绿水青山就是金山银山理念，在党的十九大报告中提出“人与自然是生命共同体”的重要论断
394,4,0.9394,进入新时代，新能源汽车、锂电池和光伏产品“新三样”在中国对外贸易中的份额不断扩大
395,4,0.6867,进入新时代，在习近平生态文明思想指导下，在绿水青山就是金山银山理念引领下，中华大地天更蓝、山更绿、水更清、环境更优美，人民群众生态获得感持续提升
396,4,0.5326,"（作者为中国社会科学院习近平新时代中国特色社会主义思想研究中心研究员）
美丽经济
实现生态效益、经济效益、社会效益相统一
高世楫  王红帅
习近平总书记指出：“绿水青山既是自然财富、生态财富，又是社会财富、经济财富"
397,4,0.9756,新时代以来，绿水青山就是金山银山理念深入人心，生态产品价值实现机制不断健全和完善
398,0,0.5492,新时代以来，以习近平同志为核心的党中央就建立绿色低碳循环发展经济体系作出了一系列决策部署
399,4,0.9489,新时代以来，我国低碳发展实现了从节能减排到降低碳强度，再到积极稳妥推进碳达峰碳中和的战略升级
400,4,0.9773,党的十八届三中全会也是划时代的，开启了全面深化改革、系统整体设计推进改革的新时代，开创了我国改革开放的全新局面
401,4,0.9147,指出，新时代谋划全面深化改革，必须以坚持和完善中国特色社会主义制度、推进国家治理体系和治理能力现代化为主轴，深刻把握我国发展要求和时代潮流，把制度建设和治理能力建设摆到更加突出的位置，继续深化各领域各方面体制机制改革，推动各方面制度更加成熟更加定型，推进国家治理体系和治理能力现代化
402,4,0.594,指出，新时代强化政治监督的根本任务就是“两个维护”
403,3,0.9766,《新时代十年的伟大变革》是2022年10月16日习近平同志在中国共产党第二十次全国代表大会上报告的一部分
404,1,0.7937,指出，十年来，我们坚持马克思列宁主义、毛泽东思想、邓小平理论、“三个代表”重要思想、科学发展观，全面贯彻新时代中国特色社会主义思想，全面贯彻党的基本路线、基本方略，采取一系列战略性举措，推进一系列变革性实践，实现一系列突破性进展，取得一系列标志性成果，经受住了来自政治、经济、意识形态、自然界等方面的风险挑战考验，党和国家事业取得历史性成就、发生历史性变革，推动我国迈上全面建设社会主义现代化国家新征程
405,0,0.9696,新时代十年的伟大变革，在党史、新中国史、改革开放史、社会主义发展史、中华民族发展史上具有里程碑意义
406,0,0.9903,指出，我们党勇于进行理论探索和创新，以全新的视野深化对共产党执政规律、社会主义建设规律、人类社会发展规律的认识，取得重大理论创新成果，集中体现为新时代中国特色社会主义思想
407,0,0.9853,继续推进实践基础上的理论创新，首先要把握好新时代中国特色社会主义思想的世界观和方法论，坚持好、运用好贯穿其中的立场观点方法
408,3,0.6338,《新时代新征程中国共产党的使命任务》是2022年10月16日习近平同志在中国共产党第二十次全国代表大会上报告的一部分
409,3,0.6288,必须贯彻新时代党的强军思想，贯彻新时代军事战略方针，坚持党对人民军队的绝对领导，坚持政治建军、改革强军、科技强军、人才强军、依法治军，坚持边斗争、边备战、边建设，坚持机械化信息化智能化融合发展，加快军事理论现代化、军队组织形态现代化、军事人员现代化、武器装备现代化，提高捍卫国家主权、安全、发展利益战略能力，有效履行新时代人民军队使命任务
410,3,0.7908,《坚定不移全面从严治党，深入推进新时代党的建设新的伟大工程》是2022年10月16日习近平同志在中国共产党第二十次全国代表大会上报告的一部分
411,4,0.9866,全党必须牢记，全面从严治党永远在路上，党的自我革命永远在路上，决不能有松劲歇脚、疲劳厌战的情绪，必须持之以恒推进全面从严治党，深入推进新时代党的建设新的伟大工程，以党的自我革命引领社会革命
412,4,0.7654,要落实新时代党的建设总要求，健全全面从严治党体系，全面推进党的自我净化、自我完善、自我革新、自我提高，使我们党坚守初心使命，始终成为中国特色社会主义事业的坚强领导核心
413,3,0.4277,《以中国式现代化全面推进强国建设、民族复兴伟业》是2023年2月7日习近平同志在新进中央委员会的委员、候补委员和省部级主要领导干部学习贯彻习近平新时代中国特色社会主义思想和党的二十大精神研讨班上讲话的主要部分
414,4,0.9885,指出，进一步全面深化改革是在新时代以来全面深化改革基础上推进的，实现新时代新征程的目标任务，要把全面深化改革作为推进中国式现代化的根本动力，作为稳大局、应变局、开新局的重要抓手，不断为经济社会发展增动力、添活力
415,4,0.4201,指出，深入推进党的自我革命，要以坚持党中央集中统一领导为根本保证，以引领伟大社会革命为根本目的，以新时代中国特色社会主义思想为根本遵循，以跳出历史周期率为战略目标，以解决大党独有难题为主攻方向，以健全全面从严治党体系为有效途径，以锻造坚强组织、建设过硬队伍为重要着力点，以正风肃纪反腐为重要抓手，以自我监督和人民监督相结合为强大动力
416,4,0.6879,指出，新时代新征程上，要把党的二十大确立的战略部署落到实处，把中国式现代化蓝图变为现实，根本在于进一步全面深化改革，不断完善各方面体制机制，为推进中国式现代化提供制度保障
417,0,0.7982,指出，党的十八大以来，我们党持续推进人民代表大会制度理论和实践创新，提出全过程人民民主的重大理念，形成了党关于坚持和完善人民代表大会制度的重要思想，为新时代推动人大工作高质量发展提供了根本遵循
418,0,0.9921,中共十八大以来，我们适应中国特色社会主义新时代的形势任务，在实践创新基础上推进人民政协理论创新，不断深化规律性认识，形成了我们党关于加强和改进人民政协工作的重要思想，为新时代新征程做好人民政协工作提供了根本遵循
419,4,0.9822,指出，党的十八届三中全会开启了新时代全面深化改革、系统整体设计推进改革新征程，开创了我国改革开放全新局面，具有划时代意义
420,0,0.6031,新时代全面深化改革取得了重大实践成果、制度成果、理论成果，举世瞩目，影响深远
421,4,0.8241,指出，新时代新征程，必须坚持用改革精神和严的标准管党治党，推进政治监督具体化、精准化、常态化，巩固深化党纪学习教育成果，深入推进风腐同查同治，强化全面从严治党主体责任和监督责任，持续深化整治群众身边不正之风和腐败问题，确保党的二十大和二十届三中全会部署落地落实，确保党始终成为中国特色社会主义事业的坚强领导核心，推动中国式现代化行稳致远
422,3,0.5312,”新时代以来，习近平总书记多次讲述中外人民在世界反法西斯战场上相互支援、并肩战斗的故事
423,4,0.9652,看山、看水、看林、看田、看湖……新时代以来，习近平总书记考察调研足迹遍布大江南北，“生态”“保护”始终是高频词，“两山”理念的大思路一以贯之
424,4,0.9822,修订实施“史上最严”环境保护法，出台土壤污染防治法、长江保护法、黄河保护法、湿地保护法等多部生态环境保护法律……新时代以来，我国生态环境法治建设驶入“快车道”，昭示党中央用最严格制度最严密法治守护绿水青山的决心
425,0,0.5617,在新时代实践中，这一重要理念升华为新发展理念的重要内容，彰显中国式现代化的鲜明特点，指引美丽中国建设不断迈出新步伐，为全球可持续发展提供宝贵范例
426,0,0.9892,这一重要著作，全面呈现了新时代大力推动生态文明理论创新、实践创新、制度创新成果，系统反映了习近平生态文明思想的丰富内涵、科学体系和原创性贡献
427,4,0.9756,新时代以来，中国经济在风雨砥砺中不断成长壮大，高质量发展的绿色底色更加鲜明
428,0,0.6993,经济发展与生态保护、法治护航与文化润心、“美丽中国”与“清洁美丽世界”，从这三对关系的发展实践中，我们对新时代党的创新理论原创性贡献、历史性贡献、世界性贡献的领悟更加深刻
429,4,0.7981,面对处理好发展和保护的关系这一世界性难题，“两山”理念以辩证法破题，以系统观念解题，以对传统增长理论的革新，打破了西方现代化进程中经济与生态“二元对立”的思维局限、“先污染后治理”的路径依赖，引领新时代中国走出一条生产发展、生活富裕、生态良好的文明发展道路
430,4,0.9736,从长江经济带发展坚持“共抓大保护，不搞大开发”，到新时代推动西部大开发把大保护放在首位，坚持的是尊重自然、顺应自然、保护自然的生态价值观
431,4,0.8642,完善制度体系，首次将“生态补偿机制”引入跨省流域治理实践；补齐立法短板，制定河湖长制规定、农药使用管理条例等地方法规；加强联合执法，防治多类污染源；开展司法协作，成立生态保护巡回法庭、司法保护新安江工作站……坚持法治思维，新时代新安江从“常治”转向“长治”
432,4,0.9885,《生态保护补偿条例》正式施行，《生态环境保护督察工作条例》印发实施……新时代以来，我国生态环境法治建设进入立法力度最大、制度出台最密集、监管执法尺度最严的时期，保护生态环境的外部压力保持常态化
433,4,0.4782,凝聚“环境就是民生，青山就是美丽，蓝天也是幸福”的价值诉求、形成“绿水青山就是金山银山”的共识和行动……新时代党的创新理论在实践中为人民所喜爱、所认同、所拥有，凝结成中华文化和中国精神的时代精华
434,4,0.4444,新时代新征程上，国家发展改革委围绕《习近平经济文选》第一卷、《习近平生态文明文选》第一卷开展深入学习，认真领会习近平总书记重要讲话和重要指示批示精神，全面贯彻落实美丽中国总体部署，全面加强自然生态系统保护和修复、全面加快生态保护补偿机制建设、全力推进经济社会发展绿色转型，扎实推动生态文明建设迈上新台阶、取得新进步
435,1,0.5717,"进入新时代，加快建设美丽中国取得新进展新成效
党的十八大以来，在以习近平同志为核心的党中央坚强领导下，国家发展改革委完整准确全面贯彻新发展理念，会同有关部门和地方同步推进重点攻坚和协同治理，密集出台一系列政策文件，并以钉钉子精神抓好落实，美丽中国新画卷正在加快铺展"
436,4,0.3299,"推动经济社会发展全面绿色转型，凝聚共识加快建设美丽中国
国家发展改革委将持续深入贯彻习近平新时代中国特色社会主义思想特别是习近平经济思想、习近平生态文明思想，会同有关部门和地方全方位、全过程落实落细各项政策，强化组织实施保障，凝聚全社会共同参与的强大合力，加快推进美丽中国建设"
437,0,0.9787,新时代，习近平总书记走进一座座历史名城、文化古城，对城市传承历史文脉提出一系列重要要求
438,4,0.9854,既要重视解决当前城市历史文化遗产保护传承面临的紧迫问题，也要密切关注新时代新征程城市发展中涌现的新情况新问题，在推动解决当前问题的过程中发现对未来具有深远影响的关键问题
439,3,0.9854,回溯中国同中亚国家交往的历史，习近平主席感慨系之：“我们的合作根植于两千多年的友好往来，巩固于建交30多年的团结互信，发展于新时代以来的开放共赢
440,4,0.9881,与会各方表示，绿色发展是新时代现代化的鲜明标识，在绿水青山就是金山银山理念的科学指引下，中国生态文明建设取得举世瞩目的成就，实现了经济社会发展与生态环境保护的良性互动和协同共进
441,1,0.5985,马特维延科说，希望两国立法机构加强双边和多边协作，促进俄中新时代全面战略协作伙伴关系深入发展
442,2,0.6538,我们将更加紧密地团结在以习近平同志为核心的党中央周围，以习近平强军思想为指引，坚定不移推进政治建军，全面加强练兵备战，有效履行新时代人民军队使命任务
443,0,0.9941,习近平新时代中国特色社会主义思想是坚持把马克思主义基本原理同中国具体实际相结合、同中华优秀传统文化相结合取得的重大理论创新成果，是当代中国马克思主义、二十一世纪马克思主义，是中华文化和中国精神的时代精华，实现了马克思主义中国化时代化新的飞跃，为以中国式现代化全面推进强国建设、民族复兴伟业提供了科学行动指南
444,0,0.9419,《习近平谈治国理政》第一卷至第四卷的出版，在用习近平新时代中国特色社会主义思想武装头脑、指导实践、推动工作，帮助国际社会增进对中国之路、中国之治、中国之理的理解认识方面，发挥了重要作用
445,0,0.9005,《习近平谈治国理政》第五卷生动记录了面对严峻复杂的国际环境和艰巨繁重的国内改革发展稳定任务，以习近平同志为核心的中共中央统筹国内国际两个大局，完整准确全面贯彻新发展理念，着力推动高质量发展，进一步谋划和推动全面深化改革，攻坚克难、砥砺奋进，推动全面建设社会主义现代化国家迈出坚实步伐的生动实践，集中展现了坚持“两个结合”、推进马克思主义中国化时代化的最新成果，充分反映了我们党为推动构建人类命运共同体贡献的智慧方案，是全面系统反映习近平新时代中国特色社会主义思想最新成果的权威著作
446,0,0.9449,《习近平谈治国理政》第五卷的出版发行，对于推动广大党员、干部、群众进一步学习贯彻习近平新时代中国特色社会主义思想，更加深刻领悟“两个确立”的决定性意义，增强“四个意识”、坚定“四个自信”、做到“两个维护”，万众一心为实现党的二十大描绘的宏伟蓝图而团结奋斗；对于帮助国际社会及时了解这一重要思想的最新发展，加深对中国理念、中国方案、中国智慧的理解，携手共建人类命运共同体，具有重要意义
447,0,0.9941,习近平新时代中国特色社会主义思想是坚持把马克思主义基本原理同中国具体实际相结合、同中华优秀传统文化相结合取得的重大理论创新成果，是当代中国马克思主义、二十一世纪马克思主义，是中华文化和中国精神的时代精华，实现了马克思主义中国化时代化新的飞跃，为以中国式现代化全面推进强国建设、民族复兴伟业提供了科学行动指南
448,0,0.9419,《习近平谈治国理政》第一卷至第四卷的出版，在用习近平新时代中国特色社会主义思想武装头脑、指导实践、推动工作，帮助国际社会增进对中国之路、中国之治、中国之理的理解认识方面，发挥了重要作用
449,0,0.9004,《习近平谈治国理政》第五卷生动记录了面对严峻复杂的国际环境和艰巨繁重的国内改革发展稳定任务，以习近平同志为核心的中共中央统筹国内国际两个大局，完整准确全面贯彻新发展理念，着力推动高质量发展，进一步谋划和推动全面深化改革，攻坚克难、砥砺奋进，推动全面建设社会主义现代化国家迈出坚实步伐的生动实践，集中展现了坚持“两个结合”、推进马克思主义中国化时代化的最新成果，充分反映了我们党为推动构建人类命运共同体贡献的智慧方案，是全面系统反映习近平新时代中国特色社会主义思想最新成果的权威著作
450,0,0.9449,《习近平谈治国理政》第五卷的出版发行，对于推动广大党员、干部、群众进一步学习贯彻习近平新时代中国特色社会主义思想，更加深刻领悟“两个确立”的决定性意义，增强“四个意识”、坚定“四个自信”、做到“两个维护”，万众一心为实现党的二十大描绘的宏伟蓝图而团结奋斗；对于帮助国际社会及时了解这一重要思想的最新发展，加深对中国理念、中国方案、中国智慧的理解，携手共建人类命运共同体，具有重要意义
451,3,0.9877,强调新时代中国青年“要有家国情怀，也要有人类关怀”，勉励各国青年弘扬包括和平在内的全人类共同价值，习近平总书记始终重视激发青年力量，对青年一代参与推动构建人类命运共同体提出殷切希望
452,1,0.7799,2014年，习近平总书记创造性提出了总体国家安全观，为国家安全法的起草制定和新时代国家安全工作提供了根本遵循
453,1,0.9487,这是新时代国家安全工作取得巨大成就的根本制胜法宝
454,1,0.988,国家政权安全和制度安全是政治安全的核心，我们坚决维护中国共产党的领导和执政地位，坚决维护中国特色社会主义制度，这是新时代中国国家安全的生命线，是一切安全的基础
455,3,0.5285,"作为新时代中国改革开放的一张名片，海南自贸港已成为中国制度型开放的新前沿、地区互利合作的新热土、推动经济全球化的新引擎，充分彰显中国与世界共享机遇、共促发展的开放胸怀
海南自由贸易港确定将于今年12月18日正式启动封关"
456,1,0.6838,建设海南自贸港是习近平主席亲自谋划、亲自推动的新时代改革开放重大战略举措
457,3,0.4616,作为新时代中国改革开放的一张名片，海南自贸港已成为中国制度型开放的新前沿、地区互利合作的新热土、推动经济全球化的新引擎，充分彰显中国与世界共享机遇、共促发展的开放胸怀
458,0,0.6934,作为习近平新时代中国特色社会主义思想特别是习近平外交思想的原创性概念、标识性概念，全球发展倡议科学把握当前国际社会对发展的迫切需要，是对全球发展理论的重要创新，为各国聚焦发展、共同发展、互利发展提供了行动指南、注入了思想动力
459,3,0.6266,"（2023年2月7日在新进中央委员会的委员、候补委员和省部级主要领导干部
学习贯彻习近平新时代中国特色社会主义思想和党的二十大精神研讨班上的讲话）
十九
中国将始终是世界发展的重要机遇"
460,3,0.5996,"新华社记者 黄敬文/摄
二十
建设自由贸易试验区是党中央在新时代推进改革开放的重要战略举措"
461,2,0.5172,新时代以来，习近平总书记明确“法治是国家治理体系和治理能力的重要依托”，从在法治轨道上推进国家治理体系和治理能力现代化的战略高度深入思考社会主义法治精神，强调“做到严格执法、公正司法，就要信仰法治、坚守法治
462,0,0.7286,习近平法治思想和习近平文化思想是习近平新时代中国特色社会主义思想的“法治篇”和“文化篇”，为建设法治中国和建设文化强国提供了强大思想武器
463,2,0.9836,新时代新征程，推动中国特色社会主义法治体系更加完善，社会主义法治国家建设达到更高水平，必须在更高水平上弘扬社会主义法治精神
464,2,0.8577,"（作者为中国社会科学院习近平新时代中国特色社会主义思想研究中心特约研究员）
（本文由人民论坛杂志社组稿，人民日报社理论部编辑）
《 人民日报 》（ 2025年07月15日   09 版）"
465,3,0.999,"9.“遇·鉴”文明交流互鉴系列活动
10.世界古典学大会
11.世界中国学大会
12.“读懂中国”国际会议
13.“世界市长对话”活动
14.中阿文明对话会
15.文明交流互鉴对话会
16.世界汉学家大会
17.中俄文化年
18.中瑞（士）文化和旅游年
19.中沙（特）文化年
20.哈萨克斯坦“中国旅游年”
21.中越人文交流年
22.中日韩文化交流年
23.中国—尼泊尔历史文化名城对话会
24.中拉文明对话论坛
25.北京文化论坛
26.尼山世界文明论坛
27.中国国际孔子文化节
28.丝绸之路万里行
29.丝绸之路（敦煌）国际文化博览会
30.“婺韵华音”文化交流项目
31.中国旅法勤工俭学蒙达尔纪纪念馆中外文化交流项目
32.奔流：从上海出发——全球城市人文对话
33.“丝绸之路周”项目
34.“来自熊猫家园的邀请——成都熊猫周”系列活动
35.三星堆—金沙漂流瓶中华文化全球推广活动
36.世界遗产游计划
37.兰花奖评选活动
38.金熊猫奖活动
39.第九届世界摄影大会
40.中国国际民间艺术节
41.“电影与文明互鉴”亚洲电影推介会
42.中国北京国际美术双年展
43.中日合作说唱组曲《东渡》巡演
44.“中国故事”摄影展
45.国际摄影研讨会暨丽水摄影节
46.北京国际设计周
47.北京国际电影节
48.“文化中国·水立方杯”中文歌曲大赛
49.中国上海国际艺术节
50.中国上海国际童书展
51.上海国际动漫月
52.上海国际电影节
53.北京国际图书博览会
54.2025中外院士前沿科技论坛
55.世界公众科学素质促进大会
56.世界青年科学家峰会
57.世界顶尖科学家论坛
58.中国流动科技馆国际巡展
59.联合国中国科学家系列纪念活动——刘徽年国际巡展及学术交流
60.中俄科技人文交流合作联合委员会机制
61.中国—东盟科技人文交流机制
62.上海—纽约双城科技论坛
63.中国科协与国际科学理事会共同发起“职业中早期科研人员交流项目”
64.腾冲科学家论坛
65.非洲工程能力建设计划
66.中国—南非科技人文交流机制
67.中国—中亚科技人文交流机制
68.与周边国家工程师互认机制
69.国际青春诗会
70.汉学家文学翻译国际研讨会
71.“文化中国”丛书创作推广
72.高端智库对话“上海”系列
73.东北亚智库论坛
74.中国—南亚东南亚智库论坛
75.亚洲文化遗产保护青年大使计划
76.尼泊尔努瓦科特杜巴广场王宫修复一期项目
77.柬埔寨吴哥窟古迹王宫遗址修复项目
78.中国—突尼斯本·阿鲁斯森林遗址2025年度联合考古发掘
79.中国—沙特塞林港遗址联合考古
80.凝聚女性力量，推动构建人类命运共同体的中外妇女友好交往活动
81.“她的北京”故事
82.丝路未来青少年行动
83.宋庆龄国际青少年交流营
84.“未来领袖”国际公共管理硕士项目
85.中老民间民生合作项目
86.中柬友好专项基金
87.“一带一路”青少年创客营与教师研讨活动
88.国际青年潮流文化季
89.“一带一路”青年故事会
90.全球文明倡议国际青年讲堂
91.“亲情中华·中国寻根之旅”夏（冬）令营
92.“童声漫游中国”专项交流计划
93.“童声唱中国”中外文化交流活动
94.北京友好城市国际青年交流营
95.中美青少年舞蹈交流访演活动
96.中国文联优秀青年文艺作品世界行——汉唐舞蹈剧场《俑》巡演
97.“新时代·新影像”中外联合创作计划
98.“视听中国  全球播映”活动
99.看中国·外国青年影像计划
100.上海合作组织国家电视节
101.中国—阿拉伯国家广播电视合作论坛
102.中巴经济走廊媒体论坛
103.中日韩电视制作者论坛
104.中国—东盟视听周
105.北京国际视听大会
106.“友城天下行”系列活动
107.中国—拉美企业家高峰会
108.中国—东盟商务与投资峰会
109.粤港澳大湾区发展工商大会
110.全球滨海论坛
（新华社北京7月11日电）
《 人民日报 》（ 2025年07月12日 03 版）"
466,0,0.7643,新时代以来，在习近平新时代中国特色社会主义思想特别是习近平外交思想指引下，我国对外工作取得了全方位、历史性成就，民间外交也实现了新发展
467,0,0.6989,这些重要论述既有认识论、又有方法论，是习近平外交思想的重要组成部分，为新时代新征程民间外交工作提供了根本遵循
468,0,0.5635,我们要全面系统、及时跟进、深入思考、联系实际，学习领会习近平总书记关于民间外交的重要论述的内涵要义、实践要求和落实举措，从中不断汲取开创新时代民间外交新局面的思想力量，积极推动民间外交理论与实践发展，更好服务国内发展大局和总体外交全局
469,3,0.9796,习近平总书记高度重视民间外交工作，亲力亲为、率先垂范，以元首外交引领民间外交，为新时代民间外交领航定向
470,0,0.7465,习近平总书记关于民间外交的重要论述，是在坚持和发展中国特色大国外交实践过程中不断探索、守正创新的成果，是经过实践检验、富有实践伟力的强大思想武器，开辟了民间外交理论与实践的新境界，是我们谋划和推进新时代民间外交的重要指引
471,3,0.4897,"深刻把握习近平总书记关于民间外交重要论述的丰富内涵
习近平总书记关于民间外交的重要论述内涵丰富、博大精深，着眼于国家关系的长远发展和人民友谊的深耕厚植，引领新时代民间外交取得历史性成就、发生历史性变革"
472,1,0.3982,”习近平总书记关于坚持正确义利观的重要论述，符合中国特色社会主义内在要求，顺应和平、发展、合作、共赢的时代潮流以及中国与世界关系发展大势，不仅对我们进一步做好新时代民间外交工作具有重要指导意义，也进一步丰富了全人类共同价值
473,0,0.6684,新时代以来，习近平总书记提出构建人类命运共同体理念，既是对马克思主义“真正的共同体”的一脉相承、继承发展，又是对中华优秀传统文化“协和万邦”“万国咸宁”的守正创新、赓续不断，是新时代“天下观”的具体体现
474,3,0.839,新时代以来，习近平总书记围绕文明观作出一系列重要论述，指出“维护世界和平、促进各国共同发展，必须大力加强文明交流互鉴
475,0,0.5579,"加强新时代民间外交理论研究与实践探索
站在新的历史起点上，我们要深入贯彻落实党的二十大和中央外事工作会议精神，认真学习贯彻习近平总书记关于民间外交的重要论述，深刻领会蕴含其中的丰富内涵，聚力开创新时代民间外交新局面"
476,0,0.855,加强理论学习，全面系统、完整准确学习领会习近平新时代中国特色社会主义思想特别是习近平外交思想，融会贯通、联系实际贯彻落实习近平总书记关于民间外交的重要论述，深刻领悟其精神实质和核心要义，牢牢把握其实践要求和落实方法
477,0,0.537,身处风云激荡的时代，面对变乱交织的世界，我们要坚持以习近平新时代中国特色社会主义思想特别是习近平外交思想为引领，更加紧密团结在以习近平同志为核心的党中央周围，不断增强民间外交工作的科学性、预见性、主动性、创造性，开创民间外交工作新局面，为实现中华民族伟大复兴、促进人类和平与发展作出更大贡献
478,1,0.5418,将新发展理念贯穿于建构中国自主的财政知识体系各方面和诸环节，是新时代坚持以“两个结合”建构中国自主的财政知识体系的根本要求
479,1,0.6225,随着中国特色社会主义进入新时代，以中国式现代化全面推进强国建设、民族复兴伟业成为新时代新征程党的中心任务，推动财政学或财政学理论体系由“本土化”进一步跃升至“中国自主”层面——以自主为导向，实现精神上的独立自主，不仅是现实的需要，而且“是成熟的标志，是实力的象征，也是自信的体现”
480,2,0.576,要更加紧密地团结在以习近平同志为核心的党中央周围，全面贯彻习近平新时代中国特色社会主义思想，坚定信心、勇毅前行，为以中国式现代化全面推进强国建设、民族复兴伟业而努力奋斗，为人类和平与发展的崇高事业作出新的更大贡献
481,3,0.6733,《建设美丽中国，努力走向社会主义生态文明新时代》（2013年5月24日）这是习近平同志主持中共十八届中央政治局第六次集体学习时的讲话
482,4,0.9889,新时代推进生态文明建设，必须坚持好以下原则：一是坚持人与自然和谐共生，二是绿水青山就是金山银山，三是良好生态环境是最普惠的民生福祉，四是山水林田湖草是生命共同体，五是用最严格制度最严密法治保护生态环境，六是共谋全球生态文明建设
483,4,0.6974,《推动“三北”工程高质量发展，努力创造新时代中国防沙治沙新奇迹》（2023年6月6日）这是习近平同志在内蒙古巴彦淖尔召开的加强荒漠化综合防治和推进“三北”等重点生态工程建设座谈会上讲话的要点
484,4,0.5149,《新时代生态文明建设取得举世瞩目的巨大成就》（2023年7月17日）这是习近平同志在全国生态环境保护大会上讲话的一部分
485,0,0.9955,强调：我们深刻把握生态文明建设在新时代中国特色社会主义事业中的重要地位和战略意义，坚持把马克思主义基本原理同中国具体实际相结合、同中华优秀传统文化相结合，大力推进生态文明理论创新、实践创新、制度创新，不断深化对生态文明建设规律的认识，形成新时代中国特色社会主义生态文明思想，把我们党对生态文明建设规律的认识提升到新高度，为新时代生态文明建设提供了根本遵循
486,4,0.6273,文中指出：总结新时代十年的实践经验，分析当前面临的新情况新问题，继续推进生态文明建设，必须以新时代中国特色社会主义生态文明思想为指导，正确处理高质量发展和高水平保护的关系、重点攻坚和协同治理的关系、自然恢复和人工修复的关系、外部约束和内生动力的关系、“双碳”承诺和自主行动的关系
487,2,0.8181,习近平总书记专门发来贺信，充分肯定新时代中国青年强国有我的责任担当，对广大青年和青年学生在新征程上健康成长、建功立业寄予厚望，对新形势下做好青联和学联工作提出明确要求，为推动中国青年运动进一步向前发展提供了重要遵循
488,2,0.9903,党的十八大以来，习近平总书记始终高度重视、关心支持青联和学联工作，先后三次给全国青联全委会和全国学联代表大会致贺信，对广大青年和青年学生提出一系列成长指引，强调青联和学联工作是党的青年工作的重要组成部分，勉励我国广大青年同亿万人民一道、在矢志奋斗中谱写新时代的青春之歌
489,0,0.8145,我们要深刻领会、全面贯彻习近平总书记一系列重要指示精神，着力推动新时代党的青年工作取得新的更大成绩
490,2,0.9929,过去五年，青联和学联组织坚持以习近平新时代中国特色社会主义思想为指导，把牢定位、聚焦主业，深化改革、从严治会，面向广大青年和青年学生扎实开展团结凝聚、组织动员、联系服务等工作，“青年大学习”、“青联大讲堂”、“我为同学做实事”等项目亮点纷呈，青年志愿者、西部计划、希望工程等品牌焕发活力，青联和学联组织的桥梁纽带作用更加巩固，在党和国家事业全局中的贡献度更加彰显
491,2,0.5264,在党的光辉旗帜指引下，广大青年和青年学生紧紧围绕新时代新征程党的中心任务，发愤学习、勤奋工作，立足本职、创先争优，在科技创新前沿刻苦攻关，在乡村振兴舞台施展才华，在绿色发展一线躬身实践，在社会服务基层倾情奉献，在卫国戍边前线担当尽责，涌现出一大批爱党爱国、实学实干、向上向善的新时代青年先锋
492,2,0.9326,希望广大青年牢记习近平总书记教导，把准历史方位，珍惜时代际遇，与人民一起奋斗，与祖国一同奋进，立志做有理想、敢担当、能吃苦、肯奋斗的新时代好青年，在推进中国式现代化的宏阔征程上书写青春荣光、放飞青春梦想
493,0,0.8481,希望广大青年牢记习近平总书记关于“理想信念树正了，青年才能立得正、行得稳，健康成长”的教导，自觉用习近平新时代中国特色社会主义思想凝心铸魂，深刻领悟“两个确立”的决定性意义，不断增强“四个意识”、坚定“四个自信”、做到“两个维护”，让真理的光辉照亮前行的道路
494,0,0.9853,要从新时代伟大成就、新征程光明前景中获得启迪，打牢紧跟党走中国特色社会主义道路的共同思想基础，让青春在为党和人民事业拼搏奉献中绽放芳华
495,2,0.6709,这是新时代中国青年的宝贵人生际遇，也对青年担当奋斗提出了鲜明要求
496,3,0.9922,希望广大青年牢记习近平总书记关于“新时代中国青年，要有家国情怀，也要有人类关怀”的教导，不断拓宽全球视野，积极参与国际交往，践行全球发展倡议、全球安全倡议、全球文明倡议，弘扬全人类共同价值，以青春的互动搭建沟通中外的桥梁，以青春的交流促进不同文明的互鉴，为推动构建人类命运共同体作出贡献
497,2,0.9921,新征程上，各级青联和学联组织要深入学习贯彻习近平总书记关于青年工作的重要思想，牢牢把握新时代中国青年运动和青年工作的主题和方向，把准新形势下各领域青年和青年学生的新情况新特点新变化，有效引领青年，广泛组织青年，竭诚服务青年，更好把青年一代紧紧团结在党的周围
498,0,0.9613,新时代新征程的使命任务和光明前景召唤着我们
499,0,0.6225,“构建人类命运共同体理念，蕴含中华优秀传统文化智慧和新时代发展经验，体现了中国对全球未来发展图景的构想，体现了习近平主席宏远的视野和广阔的胸襟
500,3,0.9846,习近平主席深刻阐释其生成逻辑：“我们的合作根植于两千多年的友好往来，巩固于建交30多年的团结互信，发展于新时代以来的开放共赢
501,3,0.983,习近平主席指出：“我们的合作根植于两千多年的友好往来，巩固于建交30多年的团结互信，发展于新时代以来的开放共赢
502,2,0.8596,"（作者为上海市习近平新时代中国特色社会主义思想研究中心上海国际问题研究院基地研究员）
（本版文章由环球时报社组稿，人民日报社理论部编辑）
《 人民日报 》（ 2025年06月30日 09 版）"
503,3,0.983,中方愿同吉方一道努力，不断充实中吉新时代全面战略伙伴关系内涵，构建更加紧密的中吉命运共同体，在实现现代化的道路上携手前行
504,1,0.9755,吉方高度赞赏中国促进新质生产力发展取得的显著成就，十分珍视吉中新时代全面战略伙伴关系，视中国为最重要经贸合作伙伴
505,3,0.7467,这是今年我国对中亚地区最重大外交行动，务实高效，影响深远，也是新时代中国特色大国外交的又一次生动实践
506,2,0.4574,中国大力推进中俄新时代全面战略协作伙伴关系，近年来，在双方共同努力下，中俄传承传统友谊，双边关系保持稳定、健康、高水平发展态势，长期睦邻友好、互利合作共赢成为两国关系的鲜明特征
507,3,0.7467,这是今年我国对中亚地区最重大外交行动，务实高效，影响深远，也是新时代中国特色大国外交的又一次生动实践
508,2,0.4574,中国大力推进中俄新时代全面战略协作伙伴关系，近年来，在双方共同努力下，中俄传承传统友谊，双边关系保持稳定、健康、高水平发展态势，长期睦邻友好、互利合作共赢成为两国关系的鲜明特征
509,2,0.5163,新时代，对区域发展擘画布局，西部大开发向纵深推进、西部陆海新通道铺展延伸
510,3,0.5798,新时代，丝路精神、金砖精神、中非友好合作精神、中阿友好精神、中俄战略协作精神、中法建交精神等，镌刻着中国特色大国外交的奋进与开拓
511,4,0.4759,斗转星移，古道驼铃穿越了千年时光，激荡起新时代的友谊交响
512,3,0.9287,翻看新时代以来中国同中亚国家“礼尚往来”的一页页，多少难忘的瞬间
513,3,0.982,"”
这是大历史的视野——
“我们的合作根植于两千多年的友好往来，巩固于建交30多年的团结互信，发展于新时代以来的开放共赢"
514,3,0.8027,步入新时代，秉持亲诚惠容理念，中国同中亚国家睦邻友好、合作共赢、融合共生的光明之路越走越宽阔
515,3,0.4641,"”
站在年中，回望今年以来中国特色大国外交波澜壮阔的一幕幕，新时代中国作为“变革世界中的建设性力量”的本色愈发鲜明"
516,3,0.668,新时代以来，习近平总书记指出“开放是国家繁荣发展的必由之路”，并从构建人类命运共同体的高度出发，倡导共商共建共享的全球治理观，强调维护多边贸易体制，建设开放型世界经济
517,3,0.9893,“两千多年的友好往来”“建交30多年的团结互信”“新时代以来的开放共赢”，从这三个维度把握“中国—中亚精神”，我们更加深刻理解中国中亚合作具有深厚的历史积淀、坚实的实践土壤、广泛的民意基础
518,1,0.5271,进入新时代，中方愿同各方一道，弘扬正确历史观，捍卫二战胜利成果，维护以联合国为核心的国际体系，为世界和平和发展注入更多稳定性
519,3,0.9747,进入新时代，中国同中亚国家人文交流日益密切，友好交往佳话频传，民意基础更加深厚
520,3,0.9797,我们的合作根植于两千多年的友好往来，巩固于建交30多年的团结互信，发展于新时代以来的开放共赢
521,3,0.982,"新华社记者  殷博古摄
我们的合作根植于两千多年的友好往来，巩固于建交30多年的团结互信，发展于新时代以来的开放共赢"
522,3,0.982,习近平强调，我们的合作根植于两千多年的友好往来，巩固于建交30多年的团结互信，发展于新时代以来的开放共赢
523,3,0.9725,2023年5月，首届中国—中亚峰会成功举行，中国同中亚国家关系迈入新时代
524,3,0.5932,进入新时代，秉持亲诚惠容周边外交理念，中国同中亚国家并肩前行，走出了一条睦邻友好、合作共赢、融合共生的光明之路
525,3,0.9797,2023年5月，首届中国—中亚峰会在西安举行，中国—中亚机制正式升级定型，中国同中亚国家关系迈入新时代
526,3,0.9627,新时代以来，一步一个脚印，中国同中亚国家关系不断向前迈进
527,1,0.9811,哈萨克斯坦总统托卡耶夫赞叹：“在习近平主席高瞻远瞩和英明领导下，中华民族正以势不可挡的步伐迈向现代化，在建设新时代中国特色社会主义道路上不断实现崇高目标
528,0,0.9934,进入新时代，我们党不断实现理论和实践上的创新突破，进一步深化对中国式现代化的内涵和本质的认识，概括形成中国式现代化的中国特色、本质要求和重大原则，初步构建中国式现代化的理论体系，使中国式现代化建设的方法和路径更加清晰、更加科学、更加可感可行，成功推进和拓展了中国式现代化
529,0,0.5903,这一生命体彰显了当代中国的价值观念、信仰信念、人文理想与文化走向，为新时代中国特色社会主义文化建设夯实了文化基础，增强了巩固中华文化主体性的精神自觉与战略定力，奠定和滋养了社会主义现代化国家建设的文化底蕴和精神生命
530,0,0.9878,“第二个结合”让中国特色社会主义道路有了更加宏阔深远的历史纵深，拓展了中国特色社会主义道路的文化根基，构成了新时代中国特色社会主义文化建设的动力源
531,0,0.9899,中华优秀传统文化的创造性转化、创新性发展，揭示了新时代中国特色社会主义文化建设的基本规律、根本路径和方法遵循，坚持守正与创新相统一，不断开辟社会主义文化强国建设的新境界
532,0,0.5878,新时代新征程，推动新的文化生命体成长壮大，须着眼于中国之问、世界之问、人民之问、时代之问，以问题导向、系统思维和守正创新精神促进这一生命体持续丰富内涵、不断升华境界
533,0,0.6076,在新时代中国特色社会主义文化建设实践中，我们不仅要深刻理解新的文化生命体的生成机理、丰富内涵和重大意义，进一步夯实其对文化发展的基石作用；更要立足于推动中华文明生命更新和现代转型，探索“传承—创新—互鉴”路径，在开创人类文明新形态、开辟人类解放新路径、追求人类发展新前景中，使新的文化生命体持续迸发生机活力，不断提升新时代中国特色社会主义文化的思想引领力、精神凝聚力、价值感召力、国际影响力
534,3,0.9893,去年9月，习近平主席同非洲领导人在中非合作论坛北京峰会上一致同意携手推进“六个现代化”，共同实施“十大伙伴行动”，引领中非关系进入共筑新时代全天候命运共同体新阶段
535,3,0.9142,我们，中华人民共和国、53个非洲国家和非洲联盟委员会代表齐聚长沙，遵照2024年中非合作论坛北京峰会领导人共识，全面推进落实《关于共筑新时代全天候中非命运共同体的北京宣言》
536,3,0.9916,我们呼吁世界各国特别是全球南方国家同心协力，携手构建人类命运共同体，高质量共建“一带一路”，推动落实全球发展倡议、全球安全倡议、全球文明倡议，赞赏中非共筑新时代全天候命运共同体对维护全球南方团结合作、捍卫多边主义的积极意义
537,3,0.7991,我们将以共筑新时代全天候中非命运共同体打造全球南方国家团结合作、自主自强发展的典范，倡导普惠包容的经济全球化
538,3,0.9881,去年9月，我同非洲领导人在论坛北京峰会上一致同意携手推进“六个现代化”，共同实施“十大伙伴行动”，引领中非关系进入共筑新时代全天候命运共同体新阶段
539,3,0.9866,希望中非双方继续扎实推进峰会成果落实，精心谋划论坛未来发展，携手建设新时代全天候中非命运共同体，为构建人类命运共同体贡献中非力量
540,3,0.947,刚果（布）作为中非合作论坛非方共同主席国，愿同中国和其他全球南方国家一道，加强在“一带一路”倡议下合作，共同构建远离单边主义和保护主义的多极世界，开启普惠包容全球化的新时代
541,3,0.9881,去年9月，我同非洲领导人在论坛北京峰会上一致同意携手推进“六个现代化”，共同实施“十大伙伴行动”，引领中非关系进入共筑新时代全天候命运共同体新阶段
542,3,0.9866,希望中非双方继续扎实推进峰会成果落实，精心谋划论坛未来发展，携手建设新时代全天候中非命运共同体，为构建人类命运共同体贡献中非力量
543,3,0.947,刚果（布）作为中非合作论坛非方共同主席国，愿同中国和其他全球南方国家一道，加强在“一带一路”倡议下合作，共同构建远离单边主义和保护主义的多极世界，开启普惠包容全球化的新时代
544,4,0.9458,党的十八大以来，我们坚持把教育作为国之大计、党之大计，全面贯彻党的教育方针，作出深入实施科教兴国战略、加快教育现代化的重大决策，确立到2035年建成教育强国的奋斗目标，坚持和加强党对教育工作的全面领导，不断推进教育体制机制改革，推动新时代教育事业取得历史性成就、发生格局性变化
545,2,0.985,要不断加强和改进新时代学校思想政治教育，教育引导青少年学生坚定马克思主义信仰、中国特色社会主义信念、中华民族伟大复兴信心，立报国强国大志向、做挺膺担当奋斗者
546,0,0.6463,坚持不懈用新时代中国特色社会主义思想铸魂育人，实施新时代立德树人工程
547,0,0.9872,坚持思政课建设与党的创新理论武装同步推进，构建以新时代中国特色社会主义思想为核心内容的课程教材体系，深入推进大中小学思想政治教育一体化建设
548,4,0.8795,坚持课上课下协同、校内校外一体、线上线下融合，注重运用新时代伟大变革成功案例，充分发挥红色资源育人功能，打造网络思想政治教育特色品牌，不断拓展实践育人和网络育人的空间和阵地
549,3,0.5257,"新华社记者 李涛/摄
第四，培养造就新时代高水平教师队伍"
550,4,0.9652,建设教育强国是新时代新征程全党全社会的共同责任
551,0,0.9919,作为习近平经济思想中最重要、最主要的内容，新发展理念是在深刻总结国内外发展经验教训、深刻分析国内外发展大势的基础上形成的，也是针对我国发展中的突出矛盾和问题、在对新时代中国特色社会主义经济发展实践经验进行科学总结的基础上提出来的，具有很强的原创性标识性
552,0,0.8779,2017年的中央经济工作会议提出：“5年来，我们坚持观大势、谋全局、干实事，成功驾驭了我国经济发展大局，在实践中形成了以新发展理念为主要内容的习近平新时代中国特色社会主义经济思想”，进一步明确了新发展理念在习近平经济思想中的重要地位
553,0,0.7102,"”
新发展理念明确了新时代我国经济发展的指导原则，集中体现了习近平经济思想的精神实质"
554,0,0.5983,"新发展理念为推动高质量发展提供了理念遵循
新发展理念体现了我们党对新时代经济社会发展规律的科学把握，从根本上超越了西方以资本为中心的发展逻辑，打破了“现代化=西方化”的迷思，为推动我国高质量发展提供了理念遵循，为解决世界发展难题贡献了中国方案"
555,2,0.9783,"（作者为山东省习近平新时代中国特色社会主义思想研究中心特约研究员）
《 人民日报 》（ 2025年05月30日   09 版）"
556,3,0.9782,李强表示，不久前，习近平主席对柬埔寨进行历史性访问，同首相先生共同宣布构建新时代全天候中柬命运共同体
557,1,0.5548,在全民国家安全教育走深走实10周年之际，国务院新闻办公室于5月12日发布《新时代的中国国家安全》白皮书，全面阐释新时代中国国家安全工作的创新理念、生动实践和建设成果，意义重大
558,4,0.7023,进入新时代，中国明确把“统筹发展和安全”作为治国理政的重大原则之一，树立“发展是硬道理、安全也是硬道理”的理念，既一以贯之抓好高质量发展这个“第一要务”，又办好保证国家安全这个“头等大事”，把发展和安全统一起来，共同谋划、一体部署、相互促进，努力实现高质量发展和高水平安全良性互动
559,4,0.7002,白皮书强调“高质量发展是第一要务，不发展是最大的不安全”，把高质量发展作为新时代的硬道理，在不断壮大物质技术基础上谋求安全，明确中国国家安全是服务和促进高质量发展的安全，厘清了“第一要务”和“头等大事”的关系
560,1,0.9853,中国坚持走和平发展道路，着力为改革开放和现代化建设营造良好安全环境，新时代的国家安全为进一步扩大高水平对外开放提供了坚实的安全支撑
561,1,0.98,新时代以来，中国坚持统筹发展和安全“两件大事”，成功续写经济快速发展和社会长期稳定“两大奇迹”
562,0,0.4095,”新时代，在习近平法治思想科学指引下，全面依法治国取得历史性成就、发生历史性变革，法治中国建设开创新局面
563,1,0.4392,习近平法治思想站在坚持和发展新时代中国特色社会主义的高度，着眼于满足人民日益增长的美好生活需要，肯定公平正义是中国特色社会主义的内在要求，是我们党追求的一个非常崇高的价值，全心全意为人民服务的根本宗旨决定了我们必须追求公平正义，保护人民权益、伸张正义
564,2,0.9767,"（作者为中国社会科学院习近平新时代中国特色社会主义思想研究中心特约研究员）
《 人民日报 》（ 2025年05月27日   09 版）"
565,4,0.9801,蒋思维：坚持“保护第一、加强管理、挖掘价值、有效利用、让文物活起来”的新时代文物工作方针，需要我们结合新的工作实际落细落实
566,3,0.8178,从上合组织到金砖国家再到全球南方，从“上海精神”到构建人类命运共同体，再到三大全球倡议，在习近平主席擘画引领下，新时代中国始终致力于增进各国人民共同福祉，推动人类社会作出正确历史抉择
567,4,0.6703,党的二十届三中全会《决定》指出，要“健全德智体美劳全面培养体系”，对做好新时代青少年工作提出明确要求、作出重大部署
568,0,0.6457,"一、深入学习领会习近平总书记关于发展青少年事业的重要论述
党的十八大以来，习近平总书记围绕发展青少年事业发表了一系列重要论述，深刻阐述了新形势下发展青少年事业的重大理论和实践问题，深刻回答了培养什么人、怎样培养人、为谁培养人等根本性问题，为做好新时代青少年工作指明了前进方向，提供了根本遵循"
569,0,0.607,深刻把握新时代发展青少年事业的战略思考
570,0,0.7415,深刻把握新时代发展青少年事业的时代要求
571,0,0.5532,这些重要论述，饱含着党的领袖对青少年缔造未来的殷殷厚望，鲜明体现了新时代青少年工作的战略性、全局性、时代性，深刻阐明了青少年工作的前进方向
572,0,0.6403,深刻把握新时代发展青少年事业的永恒主题
573,0,0.7637,深刻把握新时代发展青少年事业的重要任务
574,0,0.5191,这些重要论述，饱含了党对青少年的亲切关怀，阐明了新时代发展青少年事业的丰富内涵和实践要求，为助力青少年健康成长和全面发展作出了战略部署
575,0,0.7616,深刻把握新时代发展青少年事业的全面部署
576,0,0.6101,"二、不断深化对新时代基金会发展青少年事业的规律性认识
习近平总书记关于青少年事业发展的重要论述，为开展青少年工作提供了行动指南"
577,3,0.5714,充分发挥中国宋庆龄基金会享有的联合国经社理事会特别咨商地位作用，扩大与联合国机构、国际民间组织的联系与合作，推动在联合国人权理事会会议等中设置青少年议题，提出中国青少年观点、传播中国青少年声音，不断推动中国青少年放眼全球，提高对外交往能力，做增进与各国人民友好、维护世界和平的新时代接班人
578,4,0.9822,新时代以来，我国先后召开周边外交工作座谈会、中央周边工作会议，对周边工作进行中长期顶层设计和工作部署
579,4,0.9913,2025年4月召开的中央周边工作会议，系统总结新时代以来我国周边工作的成就和经验，科学分析形势，明确了今后一个时期周边工作的目标任务和思路举措，强调要聚焦构建周边命运共同体，努力开创周边工作新局面
580,0,0.361,这说明经过长期努力，尤其是进入新时代以来，周边命运共同体建设面临宝贵机遇
581,1,0.5451,做好周边工作，要坚持以习近平新时代中国特色社会主义思想为指导，紧紧围绕党和国家中心任务，统筹好两个大局、两件大事
582,4,0.9611,新时代以来，我国周边外交的理念方针与时俱进
583,4,0.9773,周边外交工作座谈会提出亲诚惠容的理念，清晰传达了新时代中国周边外交的理念方针
584,4,0.9822,新时代以来，我国先后召开周边外交工作座谈会、中央周边工作会议，对周边工作进行中长期顶层设计和工作部署
585,4,0.9913,2025年4月召开的中央周边工作会议，系统总结新时代以来我国周边工作的成就和经验，科学分析形势，明确了今后一个时期周边工作的目标任务和思路举措，强调要聚焦构建周边命运共同体，努力开创周边工作新局面
586,0,0.3608,这说明经过长期努力，尤其是进入新时代以来，周边命运共同体建设面临宝贵机遇
587,1,0.5451,做好周边工作，要坚持以习近平新时代中国特色社会主义思想为指导，紧紧围绕党和国家中心任务，统筹好两个大局、两件大事
588,4,0.9611,新时代以来，我国周边外交的理念方针与时俱进
589,4,0.9773,周边外交工作座谈会提出亲诚惠容的理念，清晰传达了新时代中国周边外交的理念方针
590,3,0.9747,"”
库利科娃表示，习近平主席和普京总统是新时代两国友好关系的擘画者，推动构建起两国多层次合作格局，树立了良好的合作榜样"
591,1,0.9921,访问期间，两国元首共同签署并发表《中华人民共和国和俄罗斯联邦在纪念中国人民抗日战争、苏联伟大卫国战争胜利和联合国成立80周年之际关于进一步深化中俄新时代全面战略协作伙伴关系的联合声明》，发出了二战胜利成果不容挑战、坚决维护战后国际秩序、捍卫国际公平正义的时代强音
592,1,0.9921,访问期间，两国元首共同签署并发表《中华人民共和国和俄罗斯联邦在纪念中国人民抗日战争、苏联伟大卫国战争胜利和联合国成立80周年之际关于进一步深化中俄新时代全面战略协作伙伴关系的联合声明》，发出了二战胜利成果不容挑战、坚决维护战后国际秩序、捍卫国际公平正义的时代强音
593,0,0.6764,共商共建共享的全球治理观是习近平外交思想的重要组成部分，是习近平新时代中国特色社会主义思想的重要标识性概念之一，是马克思主义中国化时代化在国际关系领域的重大成果，在全球治理理论发展史上具有历史性意义，为破解当今人类社会面临的根本性和紧迫性问题提供了全新路径
594,0,0.6223,"从价值逻辑看，共商共建共享的全球治理观是马克思主义中国化时代化在国际关系领域的标识性成果，在全球治理理论发展史上具有历史性意义
共商共建共享的全球治理观是习近平外交思想的重要组成部分，是习近平新时代中国特色社会主义思想的重要标识性概念，这一概念立足理论高峰、面向各国人民，显示出巨大的穿透力、吸引力、感召力，实现了“术语的革命”"
595,3,0.6948,新时代新征程，要更加深刻理解和科学把握共商共建共享的全球治理观的思想内涵、理论品格，同时要坚持理论联系实际，既明白“为什么好”，又知道“该怎么用”，在百年变局的时代背景下，团结世界各国进步力量，以共商共建共享的全球治理为实现路径，推动构建人类命运共同体
596,1,0.9787,海南自贸港已进入成形起势新阶段，正科学谋划封关前后的改革开放和高质量发展工作，致力成为引领我国新时代对外开放的重要门户
597,0,0.9749,党的十八大以来，中国特色社会主义进入新时代，我国经济发展也进入新时代
598,0,0.9938,面对波诡云谲的国际环境和艰巨繁重的国内改革发展任务，习近平总书记深刻把握时代发展方向，从剖析经济活动新的现象入手，在辨析成因、找准症结的基础上，领导制定有针对性的经济政策，在解决新时代经济发展时代问题的丰富实践中不断总结规律性认识、抽象升华为新的经济理论，在理论创新和实践创新的良性互动中，形成了环环相扣、开放发展的新概念新术语新范畴
599,0,0.9929,总的来看，习近平经济思想在形成和发展具有新时代中国特色的“系统化的经济学说”进程中，彰显出鲜明的理论品格，即十分注重突出新概念、新范畴的先导作用，以“术语的革命”带动理论创新和实践创新，推动构建起现实依据坚实、学理基础深厚的当代中国马克思主义政治经济学、二十一世纪马克思主义政治经济学理论大厦
600,0,0.8242,"习近平经济思想开拓了马克思主义政治经济学新境界
习近平经济思想紧紧围绕新时代中国经济发展，从发展方向、发展道路、发展阶段、发展理念、发展格局、发展质量、发展机制、发展安全等方面，科学回答了一系列重大理论和实践问题，创造性地提出了一系列新理念新思想新战略，为创新发展马克思主义政治经济学作出了原创性贡献"
601,0,0.6155,关于我国已进入新发展阶段的重要论述，科学回答了新时代中国经济发展处在什么历史方位的问题，立足党带领人民迎来从站起来、富起来到强起来的历史性跨越，揭示我国社会主要矛盾发生的历史性变化，深化了我们党对社会主义初级阶段发展演进规律的认识，对马克思主义政治经济学关于经济发展阶段的理论作出了原创性贡献
602,4,0.5103,把坚持高质量发展作为新时代的硬道理，科学回答了新时代中国经济发展应当以什么为首要任务的问题，从发展理念、供给需求、投入产出、收入分配、经济循环等方面阐述了高质量发展的理论内涵和重要特征，从必由之路、战略基点、必然要求、最终目的、政治引领和政治保障等角度提出了高质量发展的实践要求，明确发展新质生产力是推动高质量发展的内在要求和重要着力点，深化了我们党对解放和发展生产力的规律性认识，对马克思主义政治经济学关于经济发展的理论作出了原创性贡献
603,4,0.6922,构建高水平社会主义市场经济体制，科学回答了新时代中国经济发展应当建立什么样的制度基础的问题，提出把社会主义市场经济体制作为社会主义基本经济制度的重要组成部分，在理论和实践上推动使市场在资源配置中起决定性作用，更好发挥政府作用，在有效市场和有为政府更好结合中实现经济持续健康发展
604,1,0.7836,坚持高质量发展和高水平安全良性互动，科学回答了新时代中国经济发展和安全如何动态平衡、相得益彰的问题，站在实现中华民族伟大复兴的战略高度，锚定实现全面建成社会主义现代化强国目标，坚持发展和安全并重，以新安全格局保障新发展格局，坚决守住不发生系统性风险的底线，深化了我们党对统筹发展和安全的规律性认识，对马克思主义国家安全理论作出了原创性贡献
605,0,0.9892,"习近平经济思想发展了马克思主义政治经济学的方法论
习近平经济思想坚持以马克思主义的科学世界观和方法论为指导，在推动新时代中国经济伟大实践中形成了一整套工作策略和方法，丰富和发展了马克思主义政治经济学方法论"
606,0,0.656,这创新发展了马克思的社会有机体理论和恩格斯“各种社会要素交互作用”思想中的科学方法论，紧密结合新时代中国经济发展实践，真正做到了从全面、系统、综合的角度看待问题、分析问题、解决问题
607,0,0.9917,习近平经济思想的方法论体系立足中国特色社会主义进入新时代的历史方位，站在时代前沿，洞察时代风云，把握时代脉搏，坚持守正创新、与时俱进，强调要准确识变、科学应变、主动求变，坚持正确的战略策略，标注了中国特色社会主义政治经济学方法论的新高度
608,3,0.5461,据新华社北京5月12日电  国务院新闻办公室5月12日发布了《新时代的中国国家安全》白皮书
609,1,0.616,中国在此背景下发布《新时代的中国国家安全》白皮书，旨在全面阐释新时代中国国家安全工作的创新理念、生动实践和建设成果，充分展现中国众志成城抵御外部遏制打压、维护国家利益的必胜信心，统筹高质量发展和高水平安全的坚定决心，构建持久和平、普遍安全世界的不变初心，分享经验做法，推动构建人类命运共同体
610,1,0.9915,白皮书全文共约2.2万字，除前言、结束语外分六个部分，分别是：中国为变乱交织的世界注入确定性和稳定性；总体国家安全观为新时代国家安全指引方向；为中国式现代化行稳致远提供坚实支撑；在发展中固安全，在安全中谋发展；践行全球安全倡议，推进国际共同安全；在深化改革中推进国家安全体系和能力现代化
611,1,0.6631,二、进入中国特色社会主义新时代，中国维护国家安全的指导思想和核心理念是什么
612,0,0.5356,总体国家安全观是新中国成立以来第一个被确立为国家安全工作指导思想的重大战略思想，是习近平新时代中国特色社会主义思想的重要组成部分，是当代中国对世界的重要思想理论贡献
613,1,0.8082,新时代中国国家安全坚持以人民安全为宗旨，这是由中国共产党的性质宗旨和中国的国体政体决定的
614,1,0.9831,进入新时代，中国国家安全坚持一切为了人民、一切依靠人民，下大气力解决人民群众最关心最直接最现实的安全问题，努力建设更高水平的平安中国
615,1,0.9972,"目  录
前  言
一、中国为变乱交织的世界注入确定性和稳定性
（一）世界在新的动荡变革中站在历史的十字路口
（二）亚太在总体稳定中面临严峻挑战
（三）中国在化解风险中保持稳固坚韧
二、总体国家安全观为新时代国家安全指引方向
（一）把握总体为要
（二）践行人民安全宗旨
（三）坚持把政治安全摆在首位
（四）坚守维护国家利益准则
（五）防范化解国家安全风险
（六）推进国际共同安全
（七）加强党对国家安全工作的绝对领导
三、为中国式现代化行稳致远提供坚实支撑
（一）维护党的执政地位和社会主义制度
（二）提高人民群众获得感、幸福感、安全感
（三）保障高质量发展
（四）维护国家领土完整和海洋权益
（五）确保新兴领域安全可靠
四、在发展中固安全，在安全中谋发展
（一）推动发展和安全动态平衡、相得益彰
（二）推动开放和安全相互促进、协同提升
五、践行全球安全倡议，推进国际共同安全
（一）全球安全倡议贡献中国智慧
（二）推动倡议落实增进共同安全
六、在深化改革中推进国家安全体系和能力现代化
（一）健全联动高效的国家安全体系
（二）锻造实战实用的国家安全能力
结束语
附件：新时代国家安全领域重点法律列表
前  言
国之大者，安全为要"
616,1,0.9892,进入新时代，以习近平同志为核心的党中央创造性提出总体国家安全观，成立中央国家安全委员会，全面深化国家安全体制机制改革，加快推进国家安全体系和能力现代化，国家安全得到全面加强
617,1,0.9902,新时代的中国国家安全是总体的、系统的、相对的大安全，是以人民安全为宗旨、以政治安全为根本、以国家利益为准则的安全，是服务和促进高质量发展的安全，是根据经济社会发展动态调整的安全，是支撑进一步扩大高水平开放的安全，是在法治轨道上规范运行的安全
618,1,0.4792,为全面阐释新时代中国国家安全工作的创新理念、生动实践和建设成果，分享经验做法，与其他国家一道推动世界和平和发展，推动构建人类命运共同体，中国政府特发布本白皮书
619,1,0.9839,"（三）中国在化解风险中保持稳固坚韧
进入新时代，中国综合国力、国际影响力、抵御风险能力显著增强，持续保持政治安定、民族团结、社会稳定、经济发展，是世界上最安全的国家之一"
620,1,0.9822,总的看，新时代中国国家安全的内涵和外延比历史上任何时候都要丰富，时空领域比历史上任何时候都要宽广，内外因素比历史上任何时候都要复杂
621,1,0.9847,"二、总体国家安全观为新时代国家安全指引方向
中华民族在5000多年发展进程中创造了博大精深的灿烂文化，蕴含着丰富的国家安全战略思想，如注重忧患意识，“安而不忘危，存而不忘亡，治而不忘乱”；突出民本思想，“民惟邦本，本固邦宁”；主张讲信修睦，“亲仁善邻，国之宝也”；力求内外兼顾，“内事文而和，外事武而义”等等"
622,1,0.98,进入新时代，2014年4月15日，在中央国家安全委员会第一次全体会议上，习近平总书记创造性提出总体国家安全观
623,0,0.6064,总体国家安全观全面汲取了中华优秀传统文化精髓，系统总结了中国共产党维护国家安全理论成果和实践经验，是新中国成立以来第一个被确立为国家安全工作指导思想的重大战略思想，是习近平新时代中国特色社会主义思想的重要组成部分，是当代中国对世界的重要思想理论贡献
624,1,0.9822,总体国家安全观根植于中国特色社会主义新时代，既要解决好世界各国面临的共性安全问题，又要处理好东方大国独有的安全难题
625,1,0.9735,"（一）把握总体为要
总体国家安全观的关键在于“总体”，“总体”是新时代中国国家安全的灵魂"
626,1,0.9684,"（二）践行人民安全宗旨
这是新时代中国国家安全的根本立场"
627,1,0.9487,"（三）坚持把政治安全摆在首位
这是新时代中国国家安全的生命线"
628,1,0.9684,"（四）坚守维护国家利益准则
这是新时代中国国家安全的基本要求"
629,1,0.9712,"（五）防范化解国家安全风险
这是新时代中国国家安全的中心任务"
630,1,0.8126,"（六）推进国际共同安全
这是新时代中国国家安全的大国担当"
631,1,0.9684,"（七）加强党对国家安全工作的绝对领导
这是新时代中国国家安全的根本保证"
632,1,0.6448,总体国家安全观引领中国国家安全工作不断开创新局面，在国际上树立起合作包容的国家安全理念，将为新时代新征程中国特色国家安全提供理论指引，为推动和完善全球安全治理贡献中国智慧，为维护世界和平稳定发挥重要作用
633,1,0.9919,"三、为中国式现代化行稳致远提供坚实支撑
进入新时代，围绕实现国家战略目标，贯彻总体国家安全观，中国国家安全坚决履行党和人民赋予的重大责任，防范化解中国式现代化进程中的各种风险，为实现中华民族伟大复兴筑牢安全屏障，为促进世界和平与发展提供战略支撑"
634,1,0.9651,全面贯彻新时代党的治藏方略、治疆方略，依法打击分裂破坏活动，渗透得到有效遏制，社会治安状况明显好转
635,4,0.9611,坚持和发展新时代“枫桥经验”，加强综治中心规范化建设，推进矛盾纠纷化解法治化
636,1,0.9853,坚持一个中国原则和“九二共识”，贯彻新时代中国共产党解决台湾问题的总体方略和对台大政方针，推动两岸关系和平发展、融合发展，拉紧两岸情感纽带和利益联结，厚植国家和平统一的基础
637,4,0.6414,进入新时代，中国明确把统筹发展和安全作为治国理政的重大原则之一，纳入经济社会发展全局考虑，既一以贯之抓好高质量发展这个“第一要务”，又办好保证国家安全这个“头等大事”，把发展和安全统一起来，共同谋划、一体部署、相互促进
638,4,0.9686,把高质量发展作为新时代的硬道理，在不断壮大物质技术基础上谋求安全
639,1,0.581,"（见专栏二）
——推进构建普遍安全的世界
中俄新时代全面战略协作伙伴关系不断深化，树立了大国邻国之间友好交往的典范"
640,1,0.9964,进入新时代，中国全面深化改革，以巨大的政治勇气开启国家安全体系和能力现代化建设进程，通过设立中央国家安全委员会，建立集中统一、高效权威的国家安全领导体制和工作机制；出台以国家安全法为统领的一系列国家安全法律法规，初步形成国家安全法律体系；制定《国家安全战略纲要》、《国家安全战略（2021—2025年）》，出台一系列重点领域国家安全战略和政策，初步形成国家安全战略体系和政策体系；加强风险防范、应急处置，全领域覆盖、多层级运转的风险监测预警体系和大安全大应急框架初具雏形；调整国家安全力量布局，加强重点领域安全能力建设，加强国家安全教育，建立起国家安全体系和能力现代化的四梁八柱，为下一步攻坚克难、不断完善奠定了良好基础
641,1,0.7085,新时代新征程，中国进一步全面深化改革，更加注重统筹发展和安全，把维护国家安全摆在更加突出的位置，加快推进国家安全体系和能力现代化
642,4,0.9558,坚持和发展新时代“枫桥经验”，提升社会矛盾纠纷预防化解能力
643,1,0.9735,构建新时代国家安全话语体系和叙事体系，做精做深总体国家安全观对外宣介
644,2,0.6018,"结束语
新时代中国国家安全在全面深化改革中发展，在伟大斗争中成长，在中国式现代化建设中壮大，将在强国建设、民族复兴进程中践行使命"
645,1,0.6326,新华社北京5月12日电  国务院新闻办公室5月12日发布《新时代的中国国家安全》白皮书，旨在全面阐释新时代中国国家安全工作的创新理念、生动实践和建设成果，增进国际社会对中国国家安全的认知和理解
646,1,0.9915,白皮书除前言、结束语外分六个部分，分别是：中国为变乱交织的世界注入确定性和稳定性；总体国家安全观为新时代国家安全指引方向；为中国式现代化行稳致远提供坚实支撑；在发展中固安全，在安全中谋发展；践行全球安全倡议，推进国际共同安全；在深化改革中推进国家安全体系和能力现代化
647,1,0.5364,白皮书介绍，总体国家安全观是新中国成立以来第一个被确立为国家安全工作指导思想的重大战略思想，是习近平新时代中国特色社会主义思想的重要组成部分，是当代中国对世界的重要思想理论贡献
648,1,0.9914,新时代的中国国家安全，坚持中国特色国家安全道路，是总体的、系统的、相对的大安全，是以人民安全为宗旨、以政治安全为根本、以国家利益为准则的安全，是服务和促进高质量发展的安全，是根据经济社会发展动态调整的安全，是支撑进一步扩大高水平开放的安全，是在法治轨道上规范运行的安全
649,2,0.5628,"”
（一）访问时间：
“新时代的中俄关系更加从容自信、稳定坚韧”
就在不久前，国际舆论还在揣测：在大国关系复杂激荡的当下，北京—莫斯科会走向何方"
650,3,0.7935,新时代以来，两位元首会晤40多次，习近平主席到访俄罗斯11次
651,3,0.6206,两国关系从“相互视为友好国家”到建设性伙伴，从战略协作伙伴到全面战略协作伙伴，再到新时代全面战略协作伙伴，迎来了历史上的最好时期
652,1,0.9735,两国元首共同签署关于进一步深化中俄新时代全面战略协作伙伴关系的联合声明
653,3,0.9627,为人类谋进步、为世界谋大同，成为这个伟大国度在新时代恪守的志向、笃定的行动
654,3,0.9725,从当年率先在《联合国宪章》上签字，到新时代构建人类命运共同体，这个阔步向前的大国始终胸怀天下、济世为民
655,1,0.9907,"引领两国关系实现更大发展
访问期间，两国元首共同签署《中华人民共和国和俄罗斯联邦在纪念中国人民抗日战争、苏联伟大卫国战争胜利和联合国成立80周年之际关于进一步深化中俄新时代全面战略协作伙伴关系的联合声明》，共同见证中俄双方交换20多份双边合作文本，为中俄关系发展注入新的动能"
656,1,0.8509,国内外舆论高度关注此访，进行了充分深入报道，普遍认为此访进一步巩固中俄新时代全面战略协作伙伴关系，引领世界共同维护战后国际秩序，推动世界多极化和国际政治格局重构，具有重大历史意义
657,1,0.9853,此访最重要的政治成果是两国元首共同签署关于进一步深化中俄新时代全面战略协作伙伴关系的联合声明，为下阶段双边关系发展作出新的战略指引
658,3,0.9667,一年来，新时代中塞命运共同体建设开局良好，成果有目共睹
659,1,0.9609,一、中华人民共和国和俄罗斯联邦重申双方新时代全面战略协作伙伴关系
660,1,0.9839,二十三、根据双方新时代全面战略协作伙伴关系，中华人民共和国和俄罗斯联邦决心进一步加强合作，包括促进国际法的平等普遍善意解释适用，确保本声明所表达的国际法原则和规则得到尽可能广泛的支持
661,1,0.7491,"二
双方一致认为，两国人民在世界反法西斯战争中铸就了深厚的战斗友谊和守望相助之情，为中俄新时代全面战略协作伙伴关系奠定了坚实基础"
662,1,0.4244,"六
双方愿继续在上海合作组织框架内加强紧密协作，将此作为中俄新时代全面战略协作伙伴关系具有前景的合作方向"
663,4,0.502,"将人工智能大模型发展的主动权牢牢掌握在自己手中
习近平总书记在《中国式现代化要靠科技现代化作支撑》中对新时代我国科技事业发展的规律性认识和重要经验进行科学总结，其中包括“坚持走中国特色自主创新道路，立足自力更生、艰苦奋斗，发挥我国社会主义制度集中力量办大事的优势，推进高水平科技自立自强，把科技命脉和发展主动权牢牢掌握在自己手中”，并要求“努力提出原创基础理论、掌握底层技术原理，筑牢科技创新根基和底座”"
664,1,0.9772,近年来，在两国元首战略引领下，俄中新时代全面战略协作伙伴关系不断焕发新活力
665,3,0.8386,习近平主席此次访问体现了对俄中关系发展的高度重视，有助于持续巩固和深化永久睦邻友好、全面战略协作、互利合作共赢的新时代俄中关系
666,1,0.9772,任何人都无法将胜利从我们手中夺走，进入新时代的俄中全面战略协作伙伴关系也将在我们的传统友谊基础上得到进一步发展
667,3,0.6467,希望两国媒体共担使命、携手并进，多开展连民心、接地气、有温度的人文交流，为促进两国人民相知相亲注入新动力，为发展中俄新时代全面战略协作伙伴关系增添新光彩，为推动构建人类命运共同体作出新贡献
668,3,0.4881,"2022年12月，抗日英雄连队——“刘老庄连”随我国第9批赴南苏丹（朱巴）维和步兵营奔赴维和战场……
对于新时代革命军人来说，硝烟未尽，犹须枕戈待旦卫和平"
669,1,0.7918,当前，新时代中俄关系无疑是和平与发展这一时代主旋律中和谐有力的音符，共同以“双音和弦”校准少数国家的“对抗邪音”，引领国际社会奏起“合作交响”
670,3,0.5139,“习近平主席此访将进一步丰富俄中新时代全面战略协作伙伴关系内涵，为双方高水平合作开启新篇章
671,1,0.6314,俄罗斯外交部发言人扎哈罗娃表示，俄中人文交流合作是两国新时代全面战略协作伙伴关系中极为重要的组成部分，目前各方面都在稳步发展
672,1,0.5251,当前，百年变局加速演进，国际秩序深刻调整，新时代中俄关系在复杂的外部环境下始终坚毅前行，展现出永久睦邻友好、全面战略协作、互利合作共赢的鲜明特质
673,3,0.8284,新时代以来，在两国元首战略引领下，双方政治互信持续加深，务实合作成果显著，世代友好深入人心，国际战略协作持续巩固和深化
674,3,0.986,”加快构建具有战略意义的中越命运共同体，构建高水平战略性中马命运共同体，将中柬关系定位提升为新时代全天候中柬命运共同体——访问期间，中国同三国双边命运共同体建设再上新台阶
675,3,0.6632,“坚决摒弃丛林法则，反对霸权主义、强权政治和一切形式的单边主义、保护主义”……4月24日，中国和肯尼亚在北京发表联合声明，宣布携手构建新时代中肯命运共同体
676,0,0.994,《文选》收入习近平总书记2012年11月至2024年12月期间关于经济建设最重要、最基本的著作74篇，以恢宏视野全景式呈现了我们党治国理政的经济方略，为丰富发展马克思主义政治经济学作出了重要原创性贡献，为全党全国各族人民深入学习贯彻习近平新时代中国特色社会主义思想特别是习近平经济思想提供了权威教材
677,0,0.9955,党的十八大以来，以习近平同志为核心的党中央在指导推动新时代我国经济发展的实践中，形成和发展了习近平经济思想，全面、集中、深刻反映了我们党对经济发展规律特别是社会主义经济发展规律的新认识，为推动我国经济高质量发展、科学应对重大风险挑战、全面建设社会主义现代化国家提供了锐利思想武器，引领我国经济发展取得历史性成就、发生历史性变革，实现了马克思主义政治经济学中国化时代化的新飞跃，开拓了中国特色社会主义政治经济学新境界
678,1,0.5865,《文选》系统回答了我们要建设什么样的中国特色社会主义经济、怎样建设中国特色社会主义经济，在中华民族伟大复兴战略全局和世界百年未有之大变局相互激荡、中国特色社会主义进入新时代的关键节点上，全方位擘画了全面推进中国式现代化的宏伟图景
679,0,0.9909,《文选》包含的一系列新理念新思想新战略，科学揭示了改革开放后尤其是新时代以来我国经济和世界经济发展的客观规律，在理论上提出了一系列重要的新范畴和新命题，为构建学理化系统化的中国特色社会主义政治经济学提供了基本遵循、基本范式
680,0,0.9433,作为新时代中国特色社会主义政治经济学的理论结晶，习近平经济思想从价值立场、知识生产方式到目标指向都始终贯穿着“以人民为中心”的核心逻辑，不仅突破了西方经济学的理论窠臼，更在实践中形成了扎根人民、服务人民的原创性理论范式
681,4,0.9773,随着新时代以来我国农业生产力的加速发展和农村改革的深化，党的“三农”理论内涵也在深化改革、创新发展中不断丰富
682,1,0.9905,"中国式现代化是中国经济学自主知识体系的实践土壤
习近平总书记在《新时代新征程中国共产党的使命任务》这一重要文献中指出：“中国式现代化，是中国共产党领导的社会主义现代化，既有各国现代化的共同特征，更有基于自己国情的中国特色"
683,4,0.9173,特别是进入新时代以来，推进中国式现代化，既要发挥新型举国体制集中力量办大事的制度优势，又要通过要素市场化改革激发微观主体的创新活力，推动有效市场和有为政府更好结合；既要扩大高水平对外开放、深度参与全球产业链重构，又要在关键领域强化自主创新、突破“卡脖子”技术难题，在进一步全面深化改革中统筹好发展和安全两件大事；既要推动东部地区向全球价值链高端攀升，又要推进中西部地区跨越式发展，在促进区域协调发展中构建梯度递进的现代化版图；既要加速数字经济与实体经济深度融合、催生新质生产力，又要防范技术革命对传统就业结构的冲击，在产业升级中守住民生保障底线；既要保持一定的经济发展速度，又要推动发展方式转变，在“双碳”目标约束下塑造发展新动能新优势；既要通过收入分配制度改革缩小贫富差距，又要维护合理竞争激发社会创新活力，在实现共同富裕目标下探索效率与公平的有机统一；既要吸收借鉴人类文明优秀成果，又要守护巩固中华文化主体性，在文明交流互鉴中构建具有中国特色的现代话语体系；等等
684,4,0.9847,传统经济学理论既不能有效解释中国新型工业化、信息化、城镇化、农业现代化“四化同步”的并联式发展，也不能有效解释新时代以来我们推进和拓展中国式现代化的伟大成就
685,0,0.9613,中国式现代化的伟大实践孕育新时代的理论创新
686,0,0.4905,从脱贫攻坚的伟大实践到促进全体人民共同富裕的制度探索，从构建新发展格局的战略谋划到构建人类命运共同体的倡议和行动，新时代中国在经济领域的每一次重大实践探索，都伴随着理论上的思考升华，推动着当代中国马克思主义政治经济学的发展与创新
687,0,0.4719,进入新时代，作为中国高等教育排头兵，北京大学坚持以习近平经济思想为指引，在中国经济学自主知识体系构建中持续、全面推进经济学学科范式、教育体系、人才培养、教材建设的协同变革
688,0,0.525,在学科范式创新上，积极推进以原创性理论为主干的中国经济学理论研究，打造中国自主、世界水平的经济学研究新范式，为构建中国经济学自主知识体系添砖加瓦；在教育教学体系改革上，积极推进经济学“101计划”等国家项目，打造典型课程引领、基础课程示范、专业课程支撑的课程思政建设格局，培养道正、术高、业精、实求、事达的新时代经济学人才；在教材体系建设上，围绕党和国家在经济领域的前沿指引和最新理念，高质量建设经济学教材基地，探索教材建设规律，推出高水平教材，使理论创新成果及时转化为育人资源
689,2,0.9014,新时代新征程呼唤新作为新气象
690,3,0.986,"”
进入新时代，中国倡导构建海洋命运共同体，与各方加强海上对话交流，走互利共赢的海上安全之路，携手应对各类海上共同威胁和挑战，合力维护海洋和平安宁"
691,3,0.9909,建交62年来，两国合作为“真诚友好、平等相待，互利共赢、共同发展，主持公道、捍卫正义，顺应时势、开放包容”的中非友好合作精神注入活力，又在新时代通过高质量共建“一带一路”，为弘扬“和平合作、开放包容、互学互鉴、互利共赢”的丝路精神作出表率
692,3,0.9881,新形势下，中肯全面战略合作伙伴关系面临重大发展机遇，双方将继续坚定支持彼此捍卫核心利益，深化拓展各领域交流合作，携手构建新时代中肯命运共同体
693,3,0.983,双方致力于落实北京峰会成果，推动中非合作高质量发展，把中肯关系打造成为构建新时代全天候中非命运共同体的典范
694,3,0.9766,"一、构建新时代中肯命运共同体
（一）双方同意继续以元首外交为战略引领，保持密切高层交往"
695,3,0.7556,双方一致认为，鲁托总统访华取得圆满成功，对促进中肯关系发展、构建新时代全天候中非命运共同体具有重要意义
696,3,0.9916,中国愿同肯尼亚等非洲各国一道努力，全面加速落实中非合作论坛北京峰会成果特别是“十大伙伴行动”，践行真正的多边主义，以新时代全天候中非命运共同体建设带动全球南方合作深化发展，引领和推动构建人类命运共同体
697,0,0.9945,这些著作是习近平总书记立足新时代我国实际，面对严峻复杂的国际环境和艰巨繁重的国内改革发展稳定任务，在全面建成小康社会、推进和拓展中国式现代化进程中，对不懈探索中国特色社会主义经济建设实践经验的理性提升，为全党全国各族人民深入学习贯彻习近平新时代中国特色社会主义思想特别是习近平经济思想提供了权威教材
698,1,0.5319,"扎根中国大地，以新时代中国特色社会主义经济发展为现实背景和认识对象，彰显了中国经济学自主知识体系的时代意蕴
《文选》以《人民对美好生活的向往，就是我们的奋斗目标》为开篇，牢牢把握“团结带领全党全国各族人民，继续解放思想，坚持改革开放，不断解放和发展社会生产力，努力解决群众的生产生活困难，坚定不移走共同富裕的道路”这一中国经济改革和发展的最大国情和最大实际"
699,0,0.835,通读《文选》可以感悟到，习近平经济思想立足中国大地，深刻回答新时代中国经济要实现什么样的发展、怎样实现发展等重大问题，深入探索构建中国经济学自主知识体系
700,4,0.4553,从加强党对经济工作的全面领导到坚持以人民为中心的发展思想、再到社会主要矛盾变化，从坚持和完善社会主义基本经济制度到坚持社会主义市场经济改革方向、再到构建高水平社会主义市场经济体制，从经济发展新常态到供给侧结构性改革、再到建设现代化经济体系，从进入新发展阶段、贯彻新发展理念、构建新发展格局、推动高质量发展到全面推进中国式现代化，这些经济理论的形成和发展，都扎根于中国经济社会发展实际，以新时代全面深化改革的实践为基础，推进了中国经济学自主知识体系的构建
701,1,0.4663,经济发展新常态、现代化经济体系、供给侧结构性改革、高质量发展、新质生产力等一系列术语的创新、范畴的界定和知识要素的聚合，不仅是新时代中国经济学“术语的革命”的标志，也是中国经济学自主知识体系的标识，成为习近平经济思想对构建中国经济学自主知识体系的最显著的学术创新，成就了这一知识体系独特的学术内涵和学理构架
702,1,0.5362,《文选》立足新时代中国特色社会主义经济建设实践，体现这一特定时期中国经济学自主知识体系的社会性和历史性规定
703,1,0.5023,习近平总书记在《关于构建新发展格局》中指出：“我们所推进的现代化，既有各国现代化的共同特征，更有基于国情的中国特色”；在《新时代新征程中国共产党的使命任务》中指出，新时代新征程中国共产党的中心任务是“团结带领全国各族人民全面建成社会主义现代化强国、实现第二个百年奋斗目标，以中国式现代化全面推进中华民族伟大复兴”；在《以中国式现代化全面推进强国建设、民族复兴伟业》中指出：“中国式现代化是强国建设、民族复兴的康庄大道”
704,1,0.5683,把中国经济思想中富有价值的知识要素和重要的学术要素同新时代中国经济学发展实践结合起来，不仅赋予中国经济学以深厚的文化根基和新的时代活力，而且升华了中国经济学知识体系自主性的学理意蕴
705,2,0.9796,"（作者为教育部习近平新时代中国特色社会主义思想研究中心学术委员会主任委员）
《 人民日报 》（ 2025年04月24日 09 版）"
706,0,0.5207,这一成绩来之不易，充分彰显了在习近平外交思想的科学指引下，新时代中国特色大国外交在周边的成功实践
707,4,0.9713,亲诚惠容周边外交理念的提出，为新时代的周边外交提供了根本遵循
708,3,0.7308,在2018年6月举行的上海合作组织青岛峰会上，习近平主席准确把握世界大势和时代潮流，提出构建上海合作组织命运共同体的主张，为上海合作组织在新时代的发展指明了方向
709,2,0.9836,"（作者为上海市习近平新时代中国特色社会主义思想研究中心上海国际问题研究院基地研究员）
《 人民日报 》（ 2025年04月21日 09 版）"
710,0,0.5432,亚洲安全模式立足于马克思主义辩证唯物主义和历史唯物主义，吸收中华文明“协和万邦”的政治智慧，融合新时代中国特色大国外交的实践创新，实现了对霸权主导的传统安全理论的超越，为全球安全治理提供了具有世界意义的中国方案
711,0,0.6193,从发展渊源看，“五大家园”承继了中华优秀传统文化的精髓，融合了马克思主义关于人类社会发展规律的科学认知，在新时代语境下实现了传统文明智慧与现代治理理念的有机统一
712,4,0.5454,将睦邻、安邻、富邻与亲诚惠容相结合，构建起包含价值理念、合作路径和安全保障的完整外交理论体系，体现了新时代中国特色大国外交的理论创新
713,0,0.5432,亚洲安全模式立足于马克思主义辩证唯物主义和历史唯物主义，吸收中华文明“协和万邦”的政治智慧，融合新时代中国特色大国外交的实践创新，实现了对霸权主导的传统安全理论的超越，为全球安全治理提供了具有世界意义的中国方案
714,0,0.6193,从发展渊源看，“五大家园”承继了中华优秀传统文化的精髓，融合了马克思主义关于人类社会发展规律的科学认知，在新时代语境下实现了传统文明智慧与现代治理理念的有机统一
715,4,0.5454,将睦邻、安邻、富邻与亲诚惠容相结合，构建起包含价值理念、合作路径和安全保障的完整外交理论体系，体现了新时代中国特色大国外交的理论创新
716,0,0.5207,这一成绩来之不易，充分彰显了在习近平外交思想的科学指引下，新时代中国特色大国外交在周边的成功实践
717,4,0.9713,亲诚惠容周边外交理念的提出，为新时代的周边外交提供了根本遵循
718,3,0.7308,在2018年6月举行的上海合作组织青岛峰会上，习近平主席准确把握世界大势和时代潮流，提出构建上海合作组织命运共同体的主张，为上海合作组织在新时代的发展指明了方向
719,2,0.9836,"（作者为上海市习近平新时代中国特色社会主义思想研究中心上海国际问题研究院基地研究员）
《 人民日报 》（ 2025年04月21日 09 版）"
720,3,0.9725,双方发表关于构建新时代全天候中柬命运共同体、落实三大全球倡议的联合声明
721,3,0.9838,柬埔寨柬中友好协会主席艾桑奥表示，习近平主席此访深化了柬中铁杆友谊，柬埔寨民众真切地感受到柬中合作带来的福祉，“柬中传统友谊将在新时代绽放更大光芒”
722,3,0.9839,"”
“为构建新型国际关系和人类命运共同体树立典范”
访问期间，习近平主席和洪玛奈首相共同宣布，将中柬关系定位提升为新时代全天候中柬命运共同体"
723,3,0.9782,这是中国首次同东南亚国家将双边关系提升到全天候高度，也是在双边层面构建的首个新时代全天候命运共同体
724,3,0.9877,”柬埔寨皇家科学院国际关系研究所所长金平表示，柬埔寨是首个同中国签署构建命运共同体行动计划的国家，两国率先在双边层面构建新时代全天候命运共同体，标志着柬中始终走在构建人类命运共同体前列
725,3,0.9627,携手构建新时代全天候命运共同体将两国合作水平提升至新高度
726,3,0.9667,他表示，构建新时代全天候柬中命运共同体意味着柬中关系发展进入快车道
727,3,0.9782,新时代全天候柬中命运共同体建设将为构建新型国际关系和人类命运共同体树立典范
728,3,0.8968,“习近平主席此访开启了新时代全天候柬中命运共同体建设，为柬中关系提质升级、柬中互利合作进一步指引方向
729,4,0.5938,新时代大国外交启幕之际，习近平主席洞察时势，提出亲诚惠容周边外交理念
730,3,0.942,中柬联合声明，主题词“构建新时代全天候中柬命运共同体”
731,3,0.982,从率先签署构建命运共同体行动计划，到率先在双边层面构建新时代全天候命运共同体，中柬始终走在构建人类命运共同体前列
732,3,0.9911,特别是近年来，在习近平主席和柬埔寨领导人的战略引领下，两国同意构建高质量、高水平、高标准的新时代中柬命运共同体，战略互信持续增强，务实合作成果丰硕，人文交流更加频繁，多边协作更加密切，为构建新型国际关系和人类命运共同体树立了典范
733,3,0.9924,面对世界之变、时代之变、历史之变，双方一致同意加快构建新时代全天候中柬命运共同体，以两国高层战略共识为引领，以中柬政府间协调委员会为管总机制，以落实构建新时代中柬命运共同体行动计划为主线，继续丰富中柬“钻石六边”合作架构，加快推进“工业发展走廊”和“鱼米走廊”建设，深化更高水平政治互信、更高质量互利合作、更高层次安全保障、更高频率人文交流、更高标准战略协作
734,3,0.9881,"关于构建新时代全天候中柬命运共同体
一、双方强调，高层交往对中柬关系发展具有重要意义，愿继续保持高层交往势头，发挥中柬政府间协调委员会机制作用，密切两国政府、立法机构和地方等交往合作"
735,2,0.6309,二、柬方高度评价新时代中国发展取得的历史性成就，认为中国式现代化为人类现代化拓展了路径选择和实践方案，坚定支持中方以中国式现代化全面推进强国建设、民族复兴伟业
736,3,0.7153,双方高度评价习近平主席此访取得丰硕成果，认为此访对巩固中柬传统友谊、推进新时代全天候中柬命运共同体建设具有重要里程碑意义
737,3,0.8289,"中柬两国领导人一致同意携手构建新时代全天候中柬命运共同体，充分表明中柬铁杆友谊拥有深厚历史积淀、牢固政治基础、强大内生动力，两国将始终走在构建人类命运共同体前列
“古交如真金，百炼色不回"
738,3,0.8295,两国领导人共叙友谊、共谋发展，一致同意携手构建新时代全天候中柬命运共同体，充分表明中柬铁杆友谊拥有深厚历史积淀、牢固政治基础、强大内生动力，两国将始终走在构建人类命运共同体前列
739,3,0.9699,2023年，双方开启建设高质量、高水平、高标准中柬命运共同体的新时代
740,3,0.9797,面对当前世界百年变局加速演进，中柬两国领导人一致同意携手构建新时代全天候中柬命运共同体，完全符合两国人民根本利益
741,3,0.9766,柬埔寨人民党主席、参议院主席洪森表示，两国决定构建新时代全天候命运共同体，将百尺竿头更进一步，推动双边关系高水平、高质量、高标准发展
742,3,0.99,中方愿同柬方一道，以构建新时代全天候中柬命运共同体为新起点，乘势而上，加强合作，深化更高水平政治互信、更高质量互利合作、更高层次安全保障、更高频率人文交流、更高标准战略协作，为两国人民带来更多福祉，为地区乃至世界和平稳定贡献更多正能量
743,3,0.9797,近年来，在习近平主席和柬方领导人战略引领下，中柬命运共同体建设进入高质量、高水平、高标准的新时代
744,3,0.9725,此访的高光时刻是习近平主席和洪玛奈首相共同宣布，将中柬关系定位提升为新时代全天候中柬命运共同体
745,3,0.9782,这是中国首次同东南亚国家将双边关系提升到全天候高度，也是在双边层面构建的首个新时代全天候命运共同体
746,2,0.9868,我们将继续以习近平外交思想为指引，谋大势、担大义、促大同，不断开创新时代中国特色大国外交新局面，为强国建设、民族复兴伟业营造更加有利的国际环境
747,1,0.9253,集中精力办好自己的事，知难而进、愈战愈勇，新时代中国“千磨万击还坚劲，任尔东西南北风”
748,3,0.7461,4月17日，在赴金边对柬埔寨进行国事访问之际，习近平主席在柬埔寨媒体发表题为《双向奔赴、相互成就  推动新时代中柬命运共同体建设行稳致远》的署名文章
749,3,0.9903,"“新时代柬中命运共同体建设彰显时代价值”
习近平主席在署名文章中深刻总结中柬命运共同体的内涵——“睦邻友好是中柬命运共同体的历史底色”“重情重义是中柬命运共同体的鲜明特征”“平等互利是中柬命运共同体的强大动力”“包容互鉴是中柬命运共同体的深厚底蕴”"
750,3,0.9699,2023年，双方开启建设高质量、高水平、高标准中柬命运共同体的新时代
751,3,0.9766,“新时代柬中命运共同体建设彰显时代价值，为构建人类命运共同体树立典范
752,4,0.9611,特别是进入新时代以来，中马关系日益呈现蓬勃生机活力
753,3,0.9576,两国在历史长河中积淀了弥足珍贵的友好情谊，也将在新时代新征程上奏响新的合作华章
754,1,0.991,四、马方钦佩在习近平主席领导下，新时代中国发展取得的历史性成就、发生的历史性变革，为维护地区和世界和平、稳定和可持续发展作出贡献，盛赞中方以中国式现代化推进中华民族伟大复兴，认为中国进一步全面深化改革、高水平对外开放将为两国合作和地区国家发展带来新动力、新机遇
755,3,0.9809,柬中之间有着铁杆友谊，两国决定构建新时代全天候命运共同体，将百尺竿头更进一步，推动双边关系高水平、高质量、高标准发展，始终携手并进、风雨同舟、命运与共
756,3,0.9699,两国领导人一致同意携手构建新时代全天候中柬命运共同体，宣布2025年为“中柬旅游年”
757,3,0.992,双方要以构建新时代全天候中柬命运共同体为新起点，乘势而上，继续落实好新版中柬命运共同体行动计划，加强团结合作，加快落实全球发展倡议、全球安全倡议、全球文明倡议，深化更高水平政治互信，拓展更高质量互利合作，筑牢更高层次安全保障，开展更高频率人文交流，强化更高标准战略协作，更好造福两国人民
758,3,0.9782,习近平主席此访意义重大，将深化两国政治互信，有力推动柬中新时代全天候命运共同体建设
759,3,0.853,双方发表《中华人民共和国和柬埔寨王国关于构建新时代全天候中柬命运共同体、落实三大全球倡议的联合声明》
760,3,0.7213,中方坚定支持柬埔寨保持稳定、加快发展、改善民生，走符合本国国情的发展道路，相信中国式现代化将为柬埔寨等周边国家带来更多机遇，相信构建新时代全天候中柬命运共同体一定会谱写壮丽篇章
761,3,0.9809,柬埔寨是首个同中国签署构建命运共同体行动计划的国家，中柬命运共同体建设迈入高质量、高水平、高标准的新时代
762,3,0.9699,”2023年，双方开启建设高质量、高水平、高标准中柬命运共同体的新时代
763,0,0.7153,"全人类共同价值是引领当今世界文明进步的基本遵循，为丰富和发展马克思主义价值理论作出原理性贡献
全人类共同价值是马克思主义价值理论在当代中国和当今世界发展的最新成果，是习近平新时代中国特色社会主义思想具有原创性、标识性的概念之一，极大丰富和发展了马克思主义价值理论"
764,2,0.9128,"（作者为中央党校（国家行政学院）习近平新时代中国特色社会主义思想研究中心秘书长）
《 人民日报 》（ 2025年04月17日   13 版）"
765,1,0.6125,"“让中越友好在新时代焕发出新的活力”
习近平总书记强调，中越友好在两国人民团结协作中开花结果，双方锚定“六个更”总体目标，坚定支持彼此走符合本国国情的社会主义道路，不断取得社会主义建设事业新成就"
766,3,0.6312,未来我们将继续积极参与两国高质量共建‘一带一路’，促进两国互联互通，让中越友好在新时代焕发出新的活力
767,3,0.839,进入新时代，在习近平总书记、国家主席同阮富仲总书记、苏林总书记等两党两国领导人战略引领下，中越关系实现跨越式发展，特别是2023年12月宣布构建具有战略意义的中越命运共同体以来，中越关系进入政治互信更高、安全合作更实、务实合作更深、民意基础更牢、多边协调配合更紧、分歧管控解决更好的新阶段，全面战略合作取得丰硕成果，给两国人民带来切实利益
768,1,0.7001,越方祝愿并相信在以习近平同志为核心的中共中央坚强领导下，在习近平新时代中国特色社会主义思想指引下，中国党、政府和人民定将高质量完成“十四五”规划各项目标任务，全面建成社会主义现代化强国，胜利实现第二个百年奋斗目标
769,0,0.9749,在习近平新时代中国特色社会主义思想指引下，中国取得伟大发展成就
770,0,0.9749,在习近平新时代中国特色社会主义思想指引下，中国取得伟大发展成就
771,0,0.8019,习近平法治思想是马克思主义法治理论中国化的最新成果，是中国特色社会主义法治理论的重大创新发展，是习近平新时代中国特色社会主义思想的重要组成部分，是新时代全面依法治国的根本遵循和行动指南
772,0,0.637,中国特色社会主义法治体系作为习近平法治思想的原创性概念标识性概念，以辩证唯物主义和历史唯物主义深刻把握法治与政治的关系、法治与社会发展的关系，将马克思主义法治理论与新时代全面依法治国的丰富实践紧密结合，把党的领导作为中国特色社会主义法治之魂
773,0,0.908,"中国特色社会主义法治体系是牢牢把握“六个必须坚持”，以科学方法和辩证思维回答一系列关系法治建设根本问题的重大创新成果，深刻反映了习近平法治思想始终贯穿的世界观和方法论
党的二十大报告系统阐述了习近平新时代中国特色社会主义思想的世界观和方法论，其中“六个必须坚持”是重要内容"
774,2,0.975,"（作者为中国人民大学习近平新时代中国特色社会主义思想研究院研究员）
《 人民日报 》（ 2025年04月15日   13 版）"
775,3,0.9782,我们要继续弘扬开放包容、互学互鉴、合作共赢的精神，让柬中友谊在新时代焕发更加璀璨的光芒
776,3,0.8707,这是我担任中共中央总书记、中华人民共和国主席以来第四次踏上这片美丽的土地，我期待同越南领导人畅叙友谊、共商合作，擘画新时代中越命运共同体建设新蓝图
777,3,0.986,2024年11月，习近平主席在秘鲁同日本首相石破茂举行会晤，一致同意共同努力全面推进中日战略互惠关系，构建契合新时代要求的建设性、稳定的中日关系，为两国关系发展作出战略引领
778,4,0.3742,中国馆将围绕“共同构建人与自然生命共同体—绿色发展的未来社会”主题，以“天人合一”“绿水青山”“生生不息”三大篇章为叙事主线，展示五千年中华文明孕育的传统生态智慧，展现新时代绿色发展的理念与成就，展望中国同世界各国携手共同构建人与自然生命共同体的美好愿景
779,4,0.6123,二是展示新时代生态文明建设的“中国实践”
780,2,0.9857,在广袤田野上带动乡亲们增产增收，把论文写在祖国广阔的大地上，在扎根人民中汲取向上力量……如今，在强国建设、民族复兴的新征程上，越来越多的新时代青年将个人理想融入中华民族伟大复兴的梦想，实现人生价值，成就一番事业
781,3,0.7619,从世纪之交确立“长期稳定、面向未来、睦邻友好、全面合作”方针和“好邻居、好朋友、好同志、好伙伴”精神，到2008年建立全面战略合作伙伴关系，再到进入新时代，宣布构建具有战略意义的中越命运共同体，中越双方秉持友好初心，赓续传统友谊，牢记共同使命，推进各领域合作取得积极进展，共同推动社会主义事业在世界百年变局中发展壮大
782,3,0.9699,2023年，双方开启建设高质量、高水平、高标准中柬命运共同体的新时代
783,3,0.7974,在习近平主席同柬方领导人战略引领下，中柬命运共同体建设进入高质量、高水平、高标准的新时代，“钻石六边”合作架构不断走深走实，“工业发展走廊”和“鱼米走廊”建设取得积极进展，“中柬人文交流年”办得有声有色，给两国人民带来实实在在的利益
784,3,0.9782,在习近平主席同柬方领导人战略引领下，中柬命运共同体建设迈入高质量、高水平、高标准的新时代
785,4,0.8523,中共中央总书记、国家主席、中央军委主席习近平出席会议并发表重要讲话，系统总结新时代以来我国周边工作的成就和经验，科学分析形势，明确了今后一个时期周边工作的目标任务和思路举措，强调要聚焦构建周边命运共同体，努力开创周边工作新局面
786,3,0.5024,多位中国驻外使节在接受本报记者采访时表示，要坚持以习近平新时代中国特色社会主义思想为指导，继续践行亲诚惠容周边外交理念，坚持命运与共，与周边国家共享机遇、共同发展
787,3,0.6292,新时代以来，上海合作组织“朋友圈”不断扩大，“含金量”越来越高，各领域务实合作全面推进，取得了令人瞩目的合作成果
788,0,0.55,韩春霖表示，我们要继续以习近平新时代中国特色社会主义思想，特别是习近平外交思想为指导，对标中国式现代化目标任务，高举构建人类命运共同体光辉旗帜，继续开创周边外交新局面
789,4,0.8429,中共中央总书记、国家主席、中央军委主席习近平出席会议并发表重要讲话，系统总结新时代以来中国周边工作的成就和经验，科学分析形势，明确了今后一个时期周边工作的目标任务和思路举措，强调要聚焦构建周边命运共同体，努力开创周边工作新局面
790,3,0.3721,"要坚持以习近平新时代中国特色社会主义思想为指导，紧紧围绕党和国家中心任务，统筹国内国际两个大局、发展安全两件大事，高举人类命运共同体旗帜，以建设和平、安宁、繁荣、美丽、友好“五大家园”为共同愿景，以睦邻、安邻、富邻、亲诚惠容、命运与共为理念方针，以和平、合作、开放、包容的亚洲价值观为基本遵循，以高质量共建“一带一路”为主要平台，以安危与共、求同存异、对话协商的亚洲安全模式为战略支撑，携手周边国家共创美好未来
■构建周边命运共同体，要与周边国家巩固战略互信，支持地区国家走稳自身发展道路，妥善管控矛盾分歧；深化发展融合，构建高水平互联互通网络，加强产业链供应链合作；共同维护地区稳定，开展安全和执法合作，应对各类风险挑战；扩大交往交流，便利人员往来
■做好周边工作，要加强党中央集中统一领导，加强各方面协调配合"
791,4,0.9633,习近平在重要讲话中系统总结新时代以来我国周边工作的成就和经验，科学分析形势，明确了今后一个时期周边工作的目标任务和思路举措，强调要聚焦构建周边命运共同体，努力开创周边工作新局面
792,3,0.4112,要坚持以习近平新时代中国特色社会主义思想为指导，紧紧围绕党和国家中心任务，统筹国内国际两个大局、发展安全两件大事，高举人类命运共同体旗帜，以建设和平、安宁、繁荣、美丽、友好“五大家园”为共同愿景，以睦邻、安邻、富邻、亲诚惠容、命运与共为理念方针，以和平、合作、开放、包容的亚洲价值观为基本遵循，以高质量共建“一带一路”为主要平台，以安危与共、求同存异、对话协商的亚洲安全模式为战略支撑，携手周边国家共创美好未来
793,4,0.9632,习近平在重要讲话中系统总结新时代以来我国周边工作的成就和经验，科学分析形势，明确了今后一个时期周边工作的目标任务和思路举措，强调要聚焦构建周边命运共同体，努力开创周边工作新局面
794,3,0.4112,要坚持以习近平新时代中国特色社会主义思想为指导，紧紧围绕党和国家中心任务，统筹国内国际两个大局、发展安全两件大事，高举人类命运共同体旗帜，以建设和平、安宁、繁荣、美丽、友好“五大家园”为共同愿景，以睦邻、安邻、富邻、亲诚惠容、命运与共为理念方针，以和平、合作、开放、包容的亚洲价值观为基本遵循，以高质量共建“一带一路”为主要平台，以安危与共、求同存异、对话协商的亚洲安全模式为战略支撑，携手周边国家共创美好未来
795,0,0.9872,《习近平经济文选》第一卷，为全党全国各族人民深入学习贯彻习近平新时代中国特色社会主义思想特别是习近平经济思想提供了权威教材
796,0,0.9973,比如，习近平总书记在《不断开拓当代中国马克思主义政治经济学新境界》中对当代中国马克思主义政治经济学的许多重要理论成果进行深刻总结，指出“这些理论成果，马克思主义经典作家没有讲过，改革开放前我们也没有这方面的实践和认识，是适应当代中国国情和时代特点的政治经济学，不仅有力指导了我国经济发展实践，而且开拓了马克思主义政治经济学新境界”，要求“立足我国国情和我们的发展实践，深入研究世界经济和我国经济面临的新情况新问题，揭示新特点新规律，提炼和总结我国经济发展实践的规律性成果，把实践经验上升为系统化的经济学说，不断开拓当代中国马克思主义政治经济学新境界，为马克思主义政治经济学创新发展贡献中国智慧”；在《深化对中长期经济社会发展重大问题的认识》中指出：“时代课题是理论创新的驱动力”“新时代改革开放和社会主义现代化建设的丰富实践是理论和政策研究的‘富矿’，我国经济社会领域理论工作者大有可为”；等等
797,0,0.6849,习近平经济思想的实践品格，表现为从新时代中国经济发展实践出发，聚焦国际国内环境深刻复杂变化和经济运行面临的风险挑战，不断总结实践经验，不断深化对经济工作的规律性认识，提出一系列新理念新思想新战略，为推动我国经济高质量发展、科学应对重大风险挑战、全面建设社会主义现代化国家提供了锐利思想武器，引领我国经济发展取得历史性成就、发生历史性变革
798,0,0.6386,"”
进入新时代，我国社会主要矛盾发生转变，以习近平同志为核心的党中央牢牢把握生产力和生产关系、经济基础和上层建筑矛盾运动的基本原理，坚持把马克思主义基本原理同中国具体实际、同中华优秀传统文化相结合，对我国经济发展作出了增长速度换挡期、结构调整阵痛期、前期刺激政策消化期“三期叠加”的重大判断，并在此基础上提出创新、协调、绿色、开放、共享的新发展理念"
799,4,0.9558,新发展理念是新时代我国发展思路、发展方向、发展着力点的集中体现
800,0,0.5124,坚持和完善社会主义基本经济制度，为新时代中国经济发展提供了有力的制度保障
801,3,0.4557,比如，习近平总书记在《共担时代责任，共促全球发展》中指出：“面对经济全球化带来的机遇和挑战，正确的选择是，充分利用一切机遇，合作应对一切挑战，引导好经济全球化走向”；在《新时代新征程中国共产党的使命任务》中指出：“我们坚定站在历史正确的一边、站在人类文明进步的一边，高举和平、发展、合作、共赢旗帜，在坚定维护世界和平与发展中谋求自身发展，又以自身发展更好维护世界和平与发展”；在《加快构建新发展格局，把握未来发展主动权》中指出：“推动共建‘一带一路’高质量发展，积极参与国际经贸规则谈判，推动形成开放、多元、稳定的世界经济秩序，为实现国内国际两个市场两种资源联动循环创造条件”；等等
802,4,0.9788,"三、经验启示
新时代以来，我国能源事业取得了举世瞩目的发展成就，走出了一条具有中国特色的能源发展之路"
803,1,0.5913,"（一）坚持党对能源工作的全面领导
新时代的能源发展，始终在党的领导下坚定前行"
804,1,0.5366,必须坚持以习近平新时代中国特色社会主义思想为指导，毫不动摇坚持党对能源工作的全面领导，充分发挥党的政治优势、组织优势、制度优势，确保能源事业始终保持正确发展方向，确保能源战线在党的旗帜下步调一致向前进，筑牢能源持续健康发展的政治根基
805,4,0.9652,"（二）坚持以人民为中心的发展思想
进入新时代，人民用能需求已经从“有没有”向“好不好”转变"
806,3,0.48,新时代以来，习近平主席把握国际大势和地区发展规律，创造性提出亲诚惠容周边外交理念，推动中国同周边国家睦邻友好、合作共赢、融合共生，开创中国周边外交新局面，中国同西北要邻中亚国家关系进入新纪元
807,2,0.5954,新时代新征程，落实加快建设世界一流大学和一流学科的战略决策，办出中国特色世界一流大学，归根到底要求高等教育站在服务中国式现代化的最前列，以打头阵、当尖兵的奋斗姿态，为建设教育强国发挥示范性作用、作出引领性贡献
808,4,0.6649,我们要坚持以习近平新时代中国特色社会主义思想为指导，深入学习贯彻党的二十届三中全会精神和全国教育大会精神，发挥一流大学的龙头带动和示范引领作用，抓住培养社会主义建设者和接班人这个根本，把服务新质生产力发展摆在突出位置，以深化教育科技人才体制机制一体改革为重要牵引，以扩大高水平对外开放为重要动力，推动科技自主创新和人才自主培养良性互动、质效提升，挺膺担当、笃志奋斗，坚定不移为建设教育强国打头阵、当尖兵
809,0,0.9945,”高校要坚持用党的创新理论铸时代新人之魂，与时俱进推动习近平新时代中国特色社会主义思想进教材、进课堂、进头脑工作，构建以习近平新时代中国特色社会主义思想为核心内容的课程教材体系，以中国特色社会主义取得的举世瞩目成就为内容支撑，以中华优秀传统文化、革命文化和社会主义先进文化为力量根基，把道理讲深讲透讲活，守正创新推动思政课建设内涵式发展，不断提高思政课的针对性和吸引力
810,4,0.5139,落实新时代立德树人工程，构建完善思想政治教育体系，筑牢办学育人“承重墙”，系统塑造立德树人的新生态新格局
811,2,0.6415,中国首位进入太空的女航天员刘洋作为世界杰出妇女代表以视频方式作主旨发言，介绍新时代中国妇女事业高质量发展理念成就
812,0,0.9924,前不久出版发行的《习近平经济文选》第一卷，收入习近平总书记2012年11月至2024年12月期间关于经济建设最重要、最基本的著作74篇，为全党全国各族人民深入学习贯彻习近平新时代中国特色社会主义思想特别是习近平经济思想提供了权威教材
813,0,0.9814,党的十八大以来，以习近平同志为核心的党中央在指导推动新时代我国经济发展的实践中，形成和发展了习近平经济思想
814,0,0.9959,习近平经济思想是习近平新时代中国特色社会主义思想的重要组成部分，是对新时代经济发展实践经验的系统理论概括，是中国共产党不懈探索社会主义经济发展道路形成的宝贵思想结晶，全面、集中、深刻反映了我们党对经济发展规律特别是社会主义经济发展规律的新认识，为推动我国经济高质量发展、科学应对重大风险挑战、全面建设社会主义现代化国家提供了锐利思想武器，引领我国经济发展取得历史性成就、发生历史性变革，实现了马克思主义政治经济学中国化时代化的新飞跃
815,0,0.9896,习近平总书记的这些重要论述，深刻阐明了新时代不断丰富和发展马克思主义政治经济学、中国特色社会主义政治经济学的重大原则，为构建中国经济学自主知识体系指明了正确方向、提供了根本遵循
816,0,0.9899,”习近平经济思想就是我们党领导人民在发展新时代中国特色社会主义经济的伟大实践中创造的具有鲜明主体性原创性的理论成果，为丰富和发展马克思主义政治经济学作出了重要原创性贡献
817,0,0.8625,习近平经济思想的原创性，来自对中国特色社会主义经济建设新的时代课题的科学解答，这个新的时代课题就是：必须在理论和实践的结合中系统回答新时代如何坚持和发展中国特色社会主义经济，实现更高质量、更有效率、更加公平、更可持续、更为安全的发展，为全面建成社会主义现代化强国、实现中华民族伟大复兴提供坚实经济基础，为推动经济全球化健康发展、推动构建人类命运共同体贡献中国力量
818,4,0.7238,"在对这一时代课题的科学解答中，习近平经济思想坚持马克思主义政治经济学的基本原理和方法，同时又适应新形势、应对新挑战、解决新问题，提出了一系列新概念、新范畴、新表述、新论断、新原理，形成了一系列新的规律性认识，主要包括：
创新性提出党中央集中统一领导是做好经济工作的根本保证，加强党对经济工作的全面领导，发挥党总揽全局、协调各方的领导核心作用；创新性提出坚持以人民为中心的发展思想，坚持发展为了人民、发展依靠人民、发展成果由人民共享，更好满足人民对美好生活的向往，推动人的全面发展、社会全面进步，努力促进全体人民共同富裕取得更为明显的实质性进展；创新性提出树立和坚持创新、协调、绿色、开放、共享的发展理念，贯彻新发展理念明确了我国现代化建设的指导原则，是新时代我国发展壮大的必由之路，把新发展理念贯彻到经济社会发展全过程和各领域；创新性提出我国经济已由高速增长阶段转向高质量发展阶段，坚持以推动高质量发展为主题，推动经济实现质的有效提升和量的合理增长；创新性提出因地制宜发展新质生产力，发展以高技术、高效能、高质量为特征的生产力；创新性提出公有制为主体、多种所有制经济共同发展，按劳分配为主体、多种分配方式并存，社会主义市场经济体制等社会主义基本经济制度；创新性提出使市场在资源配置中起决定性作用，更好发挥政府作用，构建高水平社会主义市场经济体制，推动有效市场和有为政府更好结合；创新性提出在社会主义市场经济体制下，资本是带动各类生产要素集聚配置的重要纽带，是促进社会生产力发展的重要力量，要发挥资本促进社会生产力发展的积极作用，依法规范和引导我国资本健康发展；创新性提出坚持深化供给侧结构性改革和着力扩大有效需求协同发力，构建以国内大循环为主体、国内国际双循环相互促进的新发展格局；创新性提出加快建设现代化经济体系，加快建设现代化产业体系，深刻把握新时代新征程推进新型工业化的基本规律，积极主动适应和引领新一轮科技革命和产业变革，把高质量发展的要求贯穿新型工业化全过程，把建设制造强国同发展数字经济、产业信息化等有机结合，推动新型工业化、信息化、城镇化、农业现代化同步发展；创新性提出坚持城乡融合发展，走中国特色社会主义乡村振兴道路，强化乡村全面振兴与新型城镇化有机结合，推动形成工农互促、城乡互补、协调发展、共同繁荣的新型工农城乡关系；创新性提出坚定不移走中国特色金融发展之路，加快构建中国特色现代金融体系，积极培育中国特色金融文化，推动我国金融高质量发展；创新性提出推进高水平对外开放，推动普惠包容的经济全球化，携手高质量共建“一带一路”，践行全人类共同价值，践行全球发展倡议、全球安全倡议、全球文明倡议，携手构建人类命运共同体；创新性提出统筹好发展和安全，以高质量发展促进高水平安全，以高水平安全保障高质量发展；创新性提出坚持正确工作策略和方法，坚持用全面、辩证、长远的眼光分析当前经济形势，坚持稳中求进工作总基调，更好把握稳和进的关系，努力在危机中育新机、于变局中开新局；等等"
819,0,0.994,这些重要原创性理论成果，从新时代国内外形势新变化和实践新要求出发，深刻回答了马克思主义经典作家没有讲过、我们的前人从未遇到过、西方经济理论不可能解决的时代新课题，充分体现了习近平经济思想守正创新的马克思主义理论品格，极大充实了马克思主义政治经济学的理论宝库，赋予马克思主义政治经济学以新的时代内涵，为丰富和发展马克思主义政治经济学作出了重要原创性贡献
820,0,0.9883,进入新时代，中国特色社会主义经济理论、经济制度、经济实践日益丰富、日趋成熟，我们因此有了更大的必要和可能构建“系统化的经济学说”，用更加完备的体系论证中国特色社会主义政治经济学的科学性
821,0,0.9749,习近平经济思想就是新时代我国经济发展系统化的经济学说和更加完备的理论体系
822,4,0.6875,强调社会主义的根本任务是解放和发展社会生产力，发展是党执政兴国的第一要务，是解决我国一切问题的基础和关键；强调中国特色社会主义进入了新时代，我国经济发展也进入了新时代，基本特征就是我国经济已由高速增长阶段转向高质量发展阶段；强调高质量发展是全面建设社会主义现代化国家的首要任务，是新时代的硬道理，是“十四五”乃至更长时期我国经济社会发展的主题，关系我国社会主义现代化建设全局；强调推动高质量发展是我们当前和今后一个时期确定发展思路、制定经济政策、实施宏观调控的根本要求；强调发展新质生产力是推动高质量发展的内在要求和重要着力点；等等
823,0,0.9696,以推动高质量发展为主题，充分反映了新时代中国特色社会主义政治经济学突出的时代特征
824,0,0.5694,立足新时代我国经济发展现实，贯穿生产力和生产关系、经济基础和上层建筑的矛盾运动，涵盖了生产、分配、交换、消费等主要环节和基本经济制度、经济体制、经济运行、经济发展、对外开放、宏观经济治理、工作方法等主要方面，用系统化的学说揭示了经济发展特别是社会主义经济发展的内在规律，形成了系统完整的新时代中国特色社会主义政治经济学理论体系
825,0,0.9909,习近平总书记在《长期坚持、不断丰富发展新时代中国特色社会主义经济思想》中指出，这一思想是“推动我国经济发展实践的理论结晶，是运用马克思主义基本原理对中国特色社会主义政治经济学的理性概括，是党和国家十分宝贵的精神财富，必须长期坚持、不断丰富发展”
826,0,0.9814,进入新时代，中国特色社会主义正成为21世纪科学社会主义发展的旗帜，成为振兴世界社会主义的中流砥柱
827,4,0.9736,文章指出，在新时代科技事业发展实践中，我们不断深化规律性认识，积累了许多重要经验
828,4,0.9713,在新时代科技事业发展实践中，我们不断深化规律性认识，积累了许多重要经验
829,4,0.9736,文章指出，在新时代科技事业发展实践中，我们不断深化规律性认识，积累了许多重要经验
830,3,0.9809,2023年10月，构建中老命运共同体新的五年行动计划签署，为新时代中老关系发展和命运共同体建设擘画美好蓝图
831,3,0.9223,“中方提出构建人类命运共同体理念和全球发展倡议、全球安全倡议、全球文明倡议，为共同建设一个持久和平、普遍安全、共同繁荣、开放包容、清洁美丽的世界指明了方向，有助于塑造人类文明对话和相互理解的新时代
832,2,0.4259,新时代新征程，中国宝武将始终坚持以习近平新时代中国特色社会主义思想为指导，以更高的站位、更实的举措、更强的担当，助力高质量共建“一带一路”走深走实，为构建开放型世界经济贡献央企智慧和钢铁力量
833,3,0.687,"把握大势，促进增长——
“向国际社会传递推进普惠包容的经济全球化的信心”
新时代以来，习近平主席5次在博鳌亚洲论坛年会上发表主旨演讲，为推动地区发展繁荣凝聚起亚洲共识，为应对全球性挑战提供中国方案，为推进普惠包容的经济全球化指明方向"
834,4,0.9926,习近平总书记在党的二十届三中全会第二次全体会议上的讲话中指出，《决定》提出进一步全面深化改革需要遵循的“六个坚持”原则，是对改革开放以来特别是新时代全面深化改革宝贵经验的科学总结，是我们党不断深化对改革的规律性认识的重大成果，对于增强进一步全面深化改革的科学性、预见性、主动性、创造性，推动改革行稳致远，具有重大指导意义
835,0,0.9917,党的十八大以来，习近平总书记创造性提出关于全面深化改革的一系列新思想、新观点、新论断，形成了内涵丰富、科学系统的思想体系，科学回答了在新时代举什么旗、走什么路，为什么要全面深化改革、怎样全面深化改革等一系列重大理论和实践问题
836,1,0.5603,进一步全面深化改革，需要全面贯彻习近平新时代中国特色社会主义思想，深入学习贯彻习近平总书记关于全面深化改革的一系列新思想、新观点、新论断，完整准确全面贯彻新发展理念
837,4,0.9847,《决定》中提出的“六个坚持”“三个更加注重”，既是对改革开放以来特别是新时代全面深化改革宝贵经验的科学总结，也是我们党不断深化对改革的规律性认识的重大成果
838,0,0.9801,守正创新，是我们党在新时代治国理政的重要思想方法，也是进一步全面深化改革的重大原则
839,0,0.9866,习近平新时代中国特色社会主义思想开辟了马克思主义中国化时代化新境界，实现了马克思主义中国化时代化新的飞跃，为新时代党和国家事业发展提供了根本遵循
840,4,0.6508,文化是国家和民族之魂，进一步全面深化改革是一项复杂的系统工程，《决定》聚焦建设社会主义文化强国，提出“深化文化体制机制改革”的重大任务，并围绕“激发全民族文化创新创造活力”提出完善意识形态工作责任制、优化文化服务和文化产品供给机制、健全网络综合治理体系、构建更有效力的国际传播体系等具体要求，为新时代新征程文化改革发展指明前进方向
841,4,0.7401,党的十八大以来，以习近平同志为核心的党中央坚持把教育作为国之大计、党之大计，作出加快教育现代化、建设教育强国的重大决策，推动新时代教育事业取得历史性成就、发生格局性变化
842,4,0.8307,中共中央、国务院印发的《教育强国建设规划纲要（2024—2035年）》，以习近平新时代中国特色社会主义思想为指导，深入贯彻全国教育大会精神，以“八大体系”为基本结构，将深化改革贯穿全文，突出教育科技人才一体统筹部署，推出一系列创新举措，推动从教育大国向教育强国的系统跃升
843,4,0.4986,新时代新征程，要全面构建“八大体系”，必须正确理解其科学内涵和实践路径，这样才能以战略思维着眼全局、以系统思维协同各方、以辩证思维把握规律，奋发有为推动教育强国建设，为全面建设社会主义现代化国家、全面推进中华民族伟大复兴提供有力支撑
844,0,0.9725,当前，必须坚持用习近平新时代中国特色社会主义思想凝心铸魂
845,0,0.9814,全面构建固本铸魂的思想政治教育体系，要坚持不懈用习近平新时代中国特色社会主义思想铸魂育人
846,0,0.7499,要坚持以党的创新理论为指导，开好讲好“习近平新时代中国特色社会主义思想概论”课，系统完善中小学思政课课程标准，整体优化设计高校思政课课程方案，推进大中小学思政课一体化改革创新，特别是持续推动“大思政课”建设走深走实，进一步加强党政领导干部在思想政治教育中的作用
847,4,0.9876,素质精良的教师队伍体系，是对新时代高水平教师队伍精神品格锤炼、专业素养强化与队伍结构优化等主要建设目标的高度凝练，是新时代高水平教师队伍建设更加突出质量与效能的核心要义和实践要求
848,0,0.9938,近日出版的《习近平经济文选》第一卷，精选精编收入习近平总书记关于经济建设最重要、最基本的文稿74篇，真实记录了以习近平同志为核心的党中央观大势、谋全局、干实事，成功驾驭我国经济发展大局的非凡历程和取得的显著成就，科学总结了新时代推动经济发展的宝贵实践经验，系统反映了习近平经济思想的丰富内涵、科学体系和原创性贡献
849,0,0.9921,"一、不断回答新时代经济发展的一系列重大理论和实践问题，引领我国经济发展取得历史性成就、发生历史性变革
中国特色社会主义进入新时代，世界经济和我国经济都面临许多新的重大课题，需要作出科学的理论回答"
850,0,0.9926,2017年12月召开的中央经济工作会议，首次明确提出并阐述习近平新时代中国特色社会主义经济思想（即习近平经济思想），强调这一思想是推动我国经济发展实践的理论结晶，是中国特色社会主义政治经济学的最新成果，是党和国家十分宝贵的精神财富，必须长期坚持、不断丰富发展
851,0,0.9801,在习近平经济思想科学引领下，新时代我国经济发展取得历史性成就、发生历史性变革
852,0,0.8412,实践充分证明，新时代我国经济航船乘风破浪、行稳致远，根本在于习近平总书记掌舵领航，在于习近平经济思想科学指引
853,0,0.9942,习近平经济思想坚持用政治眼光观察和分析经济社会问题，从讲政治的高度思考和推进经济社会发展，创造性地提出坚持党对经济工作的全面领导和坚持以人民为中心的发展思想的重大理论观点，深刻阐明了社会主义条件下经济和政治高度统一的辩证关系，深刻阐明了新时代实现社会主义生产目的的主要任务和方针政策，深化了我们党对共产党执政规律、社会主义建设规律、人类社会发展规律的认识
854,0,0.9008,习近平经济思想在深入总结丰富历史经验和新鲜实践经验基础上，提炼形成中国式现代化理论，深刻阐明中国式现代化的根本性质、中国特色、本质要求、重大原则、重大关系等重要观点，对实现中国式现代化提出目标、作出规划、形成战略部署，使新时代新征程我国经济发展的目标任务更加清晰、更加科学、更加可感可行，为推进中国式现代化提供了根本遵循
855,2,0.5603,这些重要论述，体现在这部专题文选收入的《新时代新征程中国共产党的使命任务》《以中国式现代化全面推进强国建设、民族复兴伟业》《深入学习领会党的二十届三中全会精神》等重要文稿中
856,0,0.9903,习近平经济思想科学把握我国社会主要矛盾变化和经济发展的阶段性特征，以一系列新思想、新观点、新论断科学回答了新时代实现什么样的发展、怎样实现发展的重大问题，深刻阐明新时代我国经济发展的理念原则和鲜明主题
857,1,0.9871,进入新发展阶段是中华民族伟大复兴历史进程的大跨越，完整准确全面贯彻新发展理念是新时代我国发展壮大的必由之路，构建新发展格局是事关全局的系统性、深层次变革，是立足当前、着眼长远的战略谋划
858,0,0.9903,习近平经济思想既系统回答了新时代经济发展怎么看等一系列重大理论问题，又深刻阐明了新时代经济发展怎么干等一系列重大实践问题，为做好新时代经济工作明确了战略部署和重大举措
859,0,0.9943,习近平经济思想深刻回答了我国经济发展的时代之问、人民之问、历史之问，是对新时代经济发展实践作出的系统理论概括，是我们党不懈探索社会主义经济发展道路形成的宝贵思想结晶，标志着我们党对我国经济发展规律的认识达到了新高度，开拓了中国特色社会主义政治经济学新境界，为丰富发展马克思主义政治经济学贡献了中国智慧
860,0,0.9926,习近平经济思想坚持以辩证唯物主义和历史唯物主义科学世界观方法论认识世界、改造世界，创造性提出一系列科学的思想方法和工作方法，既讲是什么、为什么，又讲怎么看、怎么办，既部署“过河”的任务，又指导解决“桥或船”的问题，具有鲜明的科学性、人民性、时代性、实践性、开放性，为新时代做好经济工作提供了方法论指引
861,0,0.9921,习近平经济思想具有广阔时代背景、深厚理论渊源和坚实实践基础，蕴含着宏阔的历史视野、坚定的文化自信、深远的战略考量，是立足国情、造福人民、放眼世界、引领未来的科学理论，为做好新时代新征程经济工作指明了正确方向、提供了根本遵循
862,3,0.8381,12年来，从美好愿景到丰富实践，这一新时代中国特色大国外交追求的崇高目标，已成为推动命运与共、“同球共济”的潮流
863,3,0.983,从牵头发起金砖国家遥感卫星星座，到持续建设“一带一路”空间信息走廊；从嫦娥六号彰显十足“国际范儿”，到磋商选拔训练外籍航天员……航天合作的“硬核浪漫”，是新时代中国推动构建人类命运共同体的生动写照
864,3,0.9854,“中国愿同各国一道，做友好合作的践行者、文明互鉴的推动者、构建人类命运共同体的参与者，共同开创世界的美好未来”——这是新时代中国与各国携手构建人类命运共同体的宣示
865,4,0.9915,今年全国两会期间，习近平总书记在看望参加全国政协十四届三次会议的民盟、民进、教育界委员时，强调强化教育对科技和人才的支撑作用，深刻阐述了新时代新征程教育的先导性、基础性支撑作用；强调建设教育强国、科技强国、人才强国，“必须坚持正确办学方向”，“是全党全社会的共同责任”
866,4,0.996,2024年9月9日至10日，全国教育大会在北京召开，对新时代新征程加快建设教育强国作出动员部署，习近平总书记在大会上的重要讲话凸显了教育的政治属性、人民属性、战略属性（以下简称“三大属性”），强调我们要建成的教育强国，是中国特色社会主义教育强国，应当具有强大的思政引领力、人才竞争力、科技支撑力、民生保障力、社会协同力、国际影响力（以下简称“六大特质”），科学回答了“为什么要建设教育强国，建设什么样的教育强国，怎样建设教育强国”这个时代命题，为建设教育强国指明了前进方向、提供了根本遵循
867,0,0.9787,从实践看，尤其是要用习近平新时代中国特色社会主义思想铸魂育人，全面实施新时代立德树人工程
868,2,0.9477,加强和改进新时代学校思想政治教育
869,0,0.9887,全面构建固本铸魂的思想政治教育体系，加快构建以习近平新时代中国特色社会主义思想为核心内容的课程教材体系，推进党的创新理论最新成果进教材，推进大中小学思政课一体化改革创新
870,0,0.5436,将新时代伟大变革成功案例及其蕴含的道理学理哲理融入学校思想政治教育，让学生用脚步丈量祖国大地、用眼睛发现中国精神、用耳朵倾听人民呼声、用内心感应时代脉搏，从而深刻领悟“两个确立”的决定性意义，坚决做到“两个维护”，确保广大学生始终忠于党、忠于国家、忠于人民、忠于社会主义，坚定马克思主义信仰、中国特色社会主义信念、中华民族伟大复兴信心，坚定不移听党话、跟党走，切实提升思政引领力
871,0,0.9659,进入新时代，习近平总书记指出：“让老百姓过上好日子是我们一切工作的出发点和落脚点
872,4,0.5199,新征程上，我们要坚持以习近平新时代中国特色社会主义思想为指导，全面贯彻习近平总书记关于教育的重要论述，坚持党对教育工作的全面领导，牢牢坚持“三大属性”，胸怀“国之大者”，扎实实施《纲要》，以钉钉子精神抓好落实，以百年树人的战略眼光、百舸争流的奋斗姿态，将“三大属性”的根本要求体现到提升“六大特质”、全面构建“八大体系”的过程中，转化为加快推进教育高质量发展、加快建设教育强国的生动实践
873,4,0.9915,今年全国两会期间，习近平总书记在看望参加全国政协十四届三次会议的民盟、民进、教育界委员时，强调强化教育对科技和人才的支撑作用，深刻阐述了新时代新征程教育的先导性、基础性支撑作用；强调建设教育强国、科技强国、人才强国，“必须坚持正确办学方向”，“是全党全社会的共同责任”
874,4,0.996,2024年9月9日至10日，全国教育大会在北京召开，对新时代新征程加快建设教育强国作出动员部署，习近平总书记在大会上的重要讲话凸显了教育的政治属性、人民属性、战略属性（以下简称“三大属性”），强调我们要建成的教育强国，是中国特色社会主义教育强国，应当具有强大的思政引领力、人才竞争力、科技支撑力、民生保障力、社会协同力、国际影响力（以下简称“六大特质”），科学回答了“为什么要建设教育强国，建设什么样的教育强国，怎样建设教育强国”这个时代命题，为建设教育强国指明了前进方向、提供了根本遵循
875,0,0.9787,从实践看，尤其是要用习近平新时代中国特色社会主义思想铸魂育人，全面实施新时代立德树人工程
876,2,0.9477,加强和改进新时代学校思想政治教育
877,0,0.9887,全面构建固本铸魂的思想政治教育体系，加快构建以习近平新时代中国特色社会主义思想为核心内容的课程教材体系，推进党的创新理论最新成果进教材，推进大中小学思政课一体化改革创新
878,0,0.5437,将新时代伟大变革成功案例及其蕴含的道理学理哲理融入学校思想政治教育，让学生用脚步丈量祖国大地、用眼睛发现中国精神、用耳朵倾听人民呼声、用内心感应时代脉搏，从而深刻领悟“两个确立”的决定性意义，坚决做到“两个维护”，确保广大学生始终忠于党、忠于国家、忠于人民、忠于社会主义，坚定马克思主义信仰、中国特色社会主义信念、中华民族伟大复兴信心，坚定不移听党话、跟党走，切实提升思政引领力
879,0,0.9659,进入新时代，习近平总书记指出：“让老百姓过上好日子是我们一切工作的出发点和落脚点
880,4,0.5199,新征程上，我们要坚持以习近平新时代中国特色社会主义思想为指导，全面贯彻习近平总书记关于教育的重要论述，坚持党对教育工作的全面领导，牢牢坚持“三大属性”，胸怀“国之大者”，扎实实施《纲要》，以钉钉子精神抓好落实，以百年树人的战略眼光、百舸争流的奋斗姿态，将“三大属性”的根本要求体现到提升“六大特质”、全面构建“八大体系”的过程中，转化为加快推进教育高质量发展、加快建设教育强国的生动实践
881,4,0.6792,自2014年10月在法兰克福国际书展举行首发式以来，《习近平谈治国理政》已出版4卷、42个语种，海外发行覆盖180多个国家和地区，在全球近1700家重要图书馆上架借阅，受到国际社会广泛关注和高度赞誉，成为当今世界翻译出版语种最多、覆盖范围最广、影响力最大的领袖著作之一，是国际社会读懂习近平新时代中国特色社会主义思想、读懂中国共产党、读懂新时代中国、读懂中国式现代化的权威读本和重要文献
882,0,0.9896,"展现强大真理力量
《习近平谈治国理政》思想精深、影响深远，彰显广泛吸引力和强大感召力，根本在于习近平新时代中国特色社会主义思想的真理力量和实践伟力"
883,0,0.7585,《习近平谈治国理政》充分展现了大党大国领袖既植根中国又胸怀天下的博大情怀，全面系统展示了新时代中国共产党人对中国之问、世界之问、人民之问、时代之问的深邃思考和科学回答
884,0,0.6633,党的十八大以来，以习近平同志为核心的党中央团结带领全党全国各族人民在新时代坚持和发展中国特色社会主义、以中国式现代化全面推进中华民族伟大复兴，创立了习近平新时代中国特色社会主义思想，为强国建设、民族复兴提供了根本遵循和行动指南
885,0,0.9967,《习近平谈治国理政》集中反映了习近平新时代中国特色社会主义思想的发展脉络和重要内容，已出版的第一至四卷共75个专题379篇讲话、谈话、演讲、致辞、指示、贺信等，紧紧围绕“新时代坚持和发展什么样的中国特色社会主义、怎样坚持和发展中国特色社会主义，建设什么样的社会主义现代化强国、怎样建设社会主义现代化强国，建设什么样的长期执政的马克思主义政党、怎样建设长期执政的马克思主义政党”等重大时代课题展开，从不同角度全面展现党的重大理论创新成果，系统反映习近平新时代中国特色社会主义思想的科学体系、核心要义、实践要求，为各国政要、学者和普通民众等提供了一个集中观察新时代中国和中华文明、了解中国式现代化经验的鲜活窗口
886,0,0.734,作为中华文化和中国精神的时代精华，习近平新时代中国特色社会主义思想扎根中华文化沃土、彰显中华文明包容性，倡导不同文明相互尊重、包容共存，让中华文明同各国人民创造的多彩文明一道，为人类提供正确精神指引
887,4,0.6248,多国知名出版机构主动联系，希望出版这部著作的当地语言文版，以满足本国读者了解新时代中国、了解中华文明的热烈需求
888,0,0.9836,"积淀宝贵传播经验
翻译出版和宣传推介《习近平谈治国理政》是引领新时代国际传播工作的重大工程"
889,0,0.7485,多语种翻译、出版发行、立体宣介等全链条各环节遵循国际传播规律，坚持以我为主，坚持守正创新，贴近国外读者，突出效果导向，成为新时代国际传播的金字品牌，为构建更有效力的国际传播体系积累了宝贵经验
890,0,0.7168,《习近平谈治国理政》多语种翻译团队汇集了中外40多个国家的高水平翻译专家和权威审定稿专家，以精益求精、追求卓越的态度，确保译文既精准传达习近平新时代中国特色社会主义思想的核心要义，又充分体现习近平主席的语言风格，让各国读者领略到习近平主席的思想魅力和领袖风范
891,1,0.6822,与国内各领域各地方建立协作机制，生动展现各领域各地方践行习近平新时代中国特色社会主义思想取得的丰硕成果，讲好新时代中国故事，推动《习近平谈治国理政》国际传播效能全面提升
892,0,0.9769,《习近平谈治国理政》全球出版发行引领新时代国际传播取得历史性成就
893,0,0.9921,在承担《习近平谈治国理政》多语种版出版发行重大任务的过程中，中国外文局对习近平新时代中国特色社会主义思想的学习和认识不断深化，深刻感受到这一重要思想的国际关注度越来越高、国际影响力越来越强，国际上对中国特色社会主义道路、理论、制度、文化的认同日益广泛
894,0,0.9933,做好国际传播工作，必须在以习近平同志为核心的党中央坚强领导下，始终坚持将对外宣介习近平新时代中国特色社会主义思想作为国际传播工作的首要任务，更加充分、更加鲜明地展现中国故事及其背后的思想力量和精神力量，为国际社会读懂中国提供理论指引
895,0,0.9921,坚持精益求精，坚持最高标准、最高质量、最高水平，进一步提高编译能力，创新宣传推介方式，拓展传播渠道和覆盖范围，全心全力打造新时代领袖著作翻译出版典范，全面提升习近平新时代中国特色社会主义思想国际传播效能，推动国际社会更好认识我们党、我们国家和我们的新时代
896,0,0.8949,这一礼让，是对中国传统文化的敬重，也是对中国科技创新的尊重，成为新时代中国人文经济学的独特世界叙事
897,0,0.7503,从Copy to China（复制到中国）到Innovation from China（创新源自中国），从个别国家认为“中国没有能力创新”到试图“封锁压制中国”，新时代中国经历了什么，又做对了什么
898,4,0.984,“全面深化科技体制机制改革，充分激发创新创造活力”“一体推进教育科技人才事业发展，构筑人才竞争优势”……新时代的中国共产党，掌握了创新中国的“密钥”
899,0,0.5759,在习近平主席亲自擘画下，在习近平外交思想科学指导下，新时代中国外交保持大政方针连续性，与时俱进推进理论和实践创新
900,3,0.6786,黄晓薇说，过去30年特别是新时代以来，中国扎扎实实践行北京世妇会精神，以实际行动引领全球妇女事业发展
901,4,0.9881,30年来，特别是进入新时代，在以习近平同志为核心的党中央坚强领导下，中国提前10年实现了联合国2030年可持续发展议程减贫目标，4416万农村妇女摆脱绝对贫困；女性平均预期寿命从72岁提高到80岁以上，孕产妇死亡率降幅达75.6%，大大超过全球普遍下降1/3的水平；高校女生占比从35.4%提升至50%，女科技人员占比达45.8%
902,3,0.9965,同法国总统马克龙在图尔马莱山口凭窗远眺，强调“双方可以和而不同，通过对话合作，为世界的和平和发展以及人类的进步作出新的贡献”；在和平共处五项原则发表70周年纪念大会上，指出“中方提出全球文明倡议，就是旨在促进各国人民相知相亲，促进各种文明包容互鉴”；出席金砖国家领导人第十六次会晤，呼吁“建设‘人文金砖’，做文明和合共生的倡导者”；在秘鲁阐述中秘关系的“成功之道”——“古老文明的深厚积淀，赋予中秘两国智慧和胸怀，让我们能够看清历史前进方向，顺应时代发展潮流，始终坚持平等相待、互尊互信、互学互鉴，成为不同体量、不同制度、不同文化国家团结合作的典范”……从双边到多边、从区域到全球，习近平主席一次次阐释新时代中国的文明观
903,0,0.6192,电影《哪吒之魔童闹海》登顶全球动画电影票房榜首，游戏《黑神话：悟空》风靡全球，舞剧《咏春》在英国、法国等多个国家“破圈”传播——凭借对优秀传统文化的传承与创新，新时代中国文艺作品熠熠生辉，更是启发了各国对文明传承发展的思考
904,0,0.9917,70年实践激励我们，进一步坚定道路自信、理论自信、制度自信、文化自信，坚定不移走中国特色社会主义政治发展道路，更充分地发挥人民代表大会制度的政治优势，为实现新时代新征程党和人民的奋斗目标提供坚实制度保障
905,0,0.3518,一年来，在以习近平同志为核心的党中央坚强领导下，全国人大常委会坚持以习近平新时代中国特色社会主义思想为指导，全面贯彻落实党的二十大和二十届二中、三中全会精神，学习贯彻习近平法治思想、习近平总书记关于坚持和完善人民代表大会制度的重要思想，坚持党的领导、人民当家作主、依法治国有机统一，践行全过程人民民主，依法履职、担当尽责，各项工作取得新的进展和成效
906,4,0.9773,全面总结学位条例实施40多年的经验，制定学位法，更好服务新时代高等教育事业改革发展
907,4,0.9611,适应新时代科普事业发展需要，修订科学技术普及法，培育崇尚科学、追求创新的社会风尚
908,2,0.9601,开展加强新时代安边固边兴边工作、发挥侨务资源优势助力中国式现代化等专题调研
909,0,0.4998,持续深入学习贯彻习近平新时代中国特色社会主义思想，紧紧围绕党和国家工作大局谋划和推进各项工作
910,0,0.5749,常委会要在以习近平同志为核心的党中央坚强领导下，坚持以习近平新时代中国特色社会主义思想为指导，全面贯彻落实党的二十大和二十届二中、三中全会精神，深刻领悟“两个确立”的决定性意义，增强“四个意识”、坚定“四个自信”、做到“两个维护”，深入学习贯彻习近平法治思想、习近平总书记关于坚持和完善人民代表大会制度的重要思想，坚持党的领导、人民当家作主、依法治国有机统一，发展全过程人民民主，认真行使宪法法律赋予的立法权、监督权、决定权、任免权，稳中求进推动人大工作高质量发展，为以中国式现代化全面推进强国建设、民族复兴伟业作出新贡献
911,0,0.9787,坚持用习近平新时代中国特色社会主义思想凝心铸魂，以思想理论水平的提高促进政治能力、履职能力的提升
912,1,0.5821,加强与地方人大的联系，共同做好新时代人大工作
913,2,0.9903,让我们更加紧密地团结在以习近平同志为核心的党中央周围，不忘初心、牢记使命，坚定信心、奋发进取，认真履行宪法法律赋予的职责，在新时代新征程坚持好、完善好、运行好人民代表大会制度，为以中国式现代化全面推进强国建设、民族复兴伟业而不懈奋斗
914,3,0.9965,同法国总统马克龙在图尔马莱山口凭窗远眺，强调“双方可以和而不同，通过对话合作，为世界的和平和发展以及人类的进步作出新的贡献”；在和平共处五项原则发表70周年纪念大会上，指出“中方提出全球文明倡议，就是旨在促进各国人民相知相亲，促进各种文明包容互鉴”；出席金砖国家领导人第十六次会晤，呼吁“建设‘人文金砖’，做文明和合共生的倡导者”；在秘鲁阐述中秘关系的“成功之道”——“古老文明的深厚积淀，赋予中秘两国智慧和胸怀，让我们能够看清历史前进方向，顺应时代发展潮流，始终坚持平等相待、互尊互信、互学互鉴，成为不同体量、不同制度、不同文化国家团结合作的典范”……从双边到多边、从区域到全球，习近平主席一次次阐释新时代中国的文明观
915,0,0.6192,电影《哪吒之魔童闹海》登顶全球动画电影票房榜首，游戏《黑神话：悟空》风靡全球，舞剧《咏春》在英国、法国等多个国家“破圈”传播——凭借对优秀传统文化的传承与创新，新时代中国文艺作品熠熠生辉，更是启发了各国对文明传承发展的思考
916,4,0.9936,一年来，面对外部压力加大、内部困难增多的复杂严峻形势，在以习近平同志为核心的党中央坚强领导下，全国各族人民砥砺奋进、攻坚克难，经济运行总体平稳、稳中有进，全年经济社会发展主要目标任务顺利完成，高质量发展扎实推进，新质生产力稳步发展，我国经济实力、科技实力、综合国力持续增强，中国式现代化迈出新的坚实步伐，更加坚定了我们在新时代新征程全面建设社会主义现代化国家的决心和信心
917,0,0.6657,一年来，我们深入学习贯彻习近平新时代中国特色社会主义思想，坚定维护以习近平同志为核心的党中央权威和集中统一领导，把党的领导贯穿政府工作各方面全过程，全面贯彻落实党的二十大和二十届二中、三中全会精神，按照党中央决策部署，主要做了以下工作
918,0,0.9899,过去一年取得的成绩，根本在于习近平总书记领航掌舵，在于习近平新时代中国特色社会主义思想科学指引，是以习近平同志为核心的党中央坚强领导的结果，是全党全军全国各族人民团结奋斗的结果
919,4,0.7064,做好政府工作，要在以习近平同志为核心的党中央坚强领导下，以习近平新时代中国特色社会主义思想为指导，全面贯彻落实党的二十大和二十届二中、三中全会精神，按照中央经济工作会议部署，坚持稳中求进工作总基调，完整准确全面贯彻新发展理念，加快构建新发展格局，扎实推动高质量发展，进一步全面深化改革，扩大高水平对外开放，建设现代化产业体系，更好统筹发展和安全，实施更加积极有为的宏观政策，扩大国内需求，推动科技创新和产业创新融合发展，稳住楼市股市，防范化解重点领域风险和外部冲击，稳定预期、激发活力，推动经济持续回升向好，不断提高人民生活水平，保持社会和谐稳定，高质量完成“十四五”规划目标任务，为实现“十五五”良好开局打牢基础
920,2,0.5482,全面实施新时代立德树人工程，推进大中小学思政课一体化改革创新
921,4,0.9736,健全网络生态治理长效机制，发展积极健康的网络文化，推动新时代网络强国建设
922,4,0.9788,坚持和发展新时代“枫桥经验”，推进基层综治中心规范化建设，持续推进信访工作法治化，进一步加强社会矛盾和风险隐患排查，把矛盾纠纷化解在基层、化解在萌芽状态
923,3,0.9877,新的一年，我们要深入贯彻习近平强军思想，贯彻新时代军事战略方针，坚持党对人民军队的绝对领导，全面深入贯彻军委主席负责制，持续深化政治整训，全力打好实现建军一百年奋斗目标攻坚战
924,1,0.9853,我们要坚持贯彻新时代党解决台湾问题的总体方略，坚持一个中国原则和“九二共识”，坚决反对“台独”分裂和外部势力干涉，推动两岸关系和平发展
925,2,0.4984,我们要更加紧密地团结在以习近平同志为核心的党中央周围，高举中国特色社会主义伟大旗帜，以习近平新时代中国特色社会主义思想为指导，迎难而上、锐意进取，努力完成全年经济社会发展目标任务，确保“十四五”规划圆满收官，为以中国式现代化全面推进强国建设、民族复兴伟业不懈奋斗
926,4,0.986,”新时代新征程，解决人工智能技术带来的各种风险和复杂挑战，使人工智能为高质量发展提供源源不断的新动能，必须加强人工智能治理、构建人工智能生态体系，不断提升人工智能技术的安全性、可靠性、可控性、公平性
927,0,0.4758,以习近平同志为核心的中共中央团结带领全党全国各族人民，沉着应变、综合施策，顺利完成全年经济社会发展主要目标任务，中国式现代化取得新的重大成就，更加坚定了全党全国各族人民夺取新时代中国特色社会主义新胜利的决心和信心
928,0,0.9892,讲话高屋建瓴、精辟深邃、内涵丰富，闪耀着坚持把马克思主义基本原理同中国具体实际相结合、同中华优秀传统文化相结合的真理光芒，为新时代新征程人民政协事业发展指明了前进方向、提供了根本遵循
929,0,0.5917,在以习近平同志为核心的中共中央坚强领导下，政协全国委员会及其常务委员会坚持以习近平新时代中国特色社会主义思想为指导，深刻领悟“两个确立”的决定性意义，增强“四个意识”、坚定“四个自信”、做到“两个维护”，全面贯彻落实中共二十大和二十届二中、三中全会精神，坚持党的领导、统一战线、协商民主有机结合，坚持人民政协性质定位，坚持聚焦党和国家中心任务履职尽责，坚持人民政协为人民，坚持以改革创新精神推进履职能力建设，各项工作取得新进展
930,0,0.9801,（一）坚持用习近平新时代中国特色社会主义思想凝心铸魂，夯实团结奋斗的共同思想政治基础
931,3,0.6562,我们把习近平新时代中国特色社会主义思想作为统揽政协工作的总纲，召开13次全国政协党组会议、17次全国政协主席会议，举办4次全国政协党组理论学习中心组集体学习、4次主席会议集体学习、4次常委会学习讲座
932,0,0.9725,习近平新时代中国特色社会主义思想学习座谈小组召开55场座谈会，1524人次委员参学
933,0,0.9866,一年来取得的工作成绩，根本在于以习近平同志为核心的中共中央坚强领导，在于习近平新时代中国特色社会主义思想科学指引
934,0,0.439,人民政协要坚持以习近平新时代中国特色社会主义思想为指导，深刻领悟“两个确立”的决定性意义，增强“四个意识”、坚定“四个自信”、做到“两个维护”，全面贯彻落实中共二十大和二十届二中、三中全会精神，贯彻落实习近平总书记在庆祝中国人民政治协商会议成立75周年大会上的重要讲话精神，切实担负起把中共中央决策部署和对人民政协工作要求落实下去、把海内外中华儿女智慧和力量凝聚起来的政治责任，坚持围绕中心、服务大局，助力高质量完成“十四五”规划目标任务、为实现“十五五”良好开局打牢基础
935,2,0.9893,让我们更加紧密地团结在以习近平同志为核心的中共中央周围，坚定必胜信心，汇聚奋进力量，推动新时代新征程人民政协工作迈上新台阶，为中国式现代化广泛凝聚人心、凝聚共识、凝聚智慧、凝聚力量
936,0,0.6491,全人类共同价值是习近平新时代中国特色社会主义思想具有标识性的概念，是对马克思主义价值理论和当今全球治理理论的原创性贡献，是深入推进中国特色大国外交和全球治理的重要指导原则，我们要科学把握全人类共同价值的丰富内涵和现实指导意义
937,0,0.458,"习近平新时代中国特色社会主义思想的标识性概念
全人类共同价值体现了中国共产党胸怀天下的世界情怀，体现了中国特色大国外交服务民族复兴、促进人类进步，推动构建新型国际关系，推动构建人类命运共同体的职责使命，在习近平新时代中国特色社会主义思想中具有标识性，对于更好理解习近平总书记提出的构建人类命运共同体、构建新型国际关系等诸多概念具有重要意义"
938,0,0.5278,构建人类命运共同体是习近平外交思想的核心理念，是中国共产党对“建设一个什么样的世界、如何建设这个世界”给出的中国方案，体现了中国共产党人的世界观、秩序观、价值观，是新时代中国特色大国外交追求的崇高目标
939,3,0.6926,新时代新征程，为实现这一崇高目标，要引导各国人民凝聚价值共识，坚守和弘扬和平、发展、公平、正义、民主、自由的全人类共同价值，把我们共同生活的地球建设成一个和平、和睦、和谐的大家庭
940,3,0.9809,新时代新征程，要坚守和弘扬全人类共同价值，壮大构建新型国际关系的进步潮流，推动人类社会发展进步
941,3,0.9881,”新时代新征程，要共同弘扬全人类共同价值，践行真正的多边主义，维护以联合国为核心的国际体系和以国际法为基础的国际秩序，推动全球治理朝着更加公正合理的方向发展
942,3,0.8836,坚守和弘扬全人类共同价值是新时代中国特色大国外交的重要内容，体现了中国共产党的世界情怀和历史使命，必将引领世界各国携手应对挑战，推动世界走向和平、发展、进步的光辉未来
943,2,0.9782,"（作者为中共中央党校（国家行政学院）习近平新时代中国特色社会主义思想研究中心研究员）
《 人民日报 》（ 2025年03月11日 13 版）"
944,0,0.7551,真学真懂真信真用习近平新时代中国特色社会主义思想，深入贯彻习近平强军思想，进一步锻造忠诚品格、加强党委建设、深化正风反腐，大力弘扬优良传统，推动新时代政治建军走深走实
945,0,0.6438,迎难而上、奋发有为，新时代的中国有底气、有信心
946,0,0.9917,70年实践激励我们，进一步坚定道路自信、理论自信、制度自信、文化自信，坚定不移走中国特色社会主义政治发展道路，更充分地发挥人民代表大会制度的政治优势，为实现新时代新征程党和人民的奋斗目标提供坚实制度保障
947,0,0.3518,一年来，在以习近平同志为核心的党中央坚强领导下，全国人大常委会坚持以习近平新时代中国特色社会主义思想为指导，全面贯彻落实党的二十大和二十届二中、三中全会精神，学习贯彻习近平法治思想、习近平总书记关于坚持和完善人民代表大会制度的重要思想，坚持党的领导、人民当家作主、依法治国有机统一，践行全过程人民民主，依法履职、担当尽责，各项工作取得新的进展和成效
948,4,0.9773,全面总结学位条例实施40多年的经验，制定学位法，更好服务新时代高等教育事业改革发展
949,2,0.9601,开展加强新时代安边固边兴边工作、发挥侨务资源优势助力中国式现代化等专题调研
950,0,0.4984,持续深入学习贯彻习近平新时代中国特色社会主义思想，紧紧围绕党和国家工作大局谋划和推进各项工作
951,0,0.5749,常委会要在以习近平同志为核心的党中央坚强领导下，坚持以习近平新时代中国特色社会主义思想为指导，全面贯彻落实党的二十大和二十届二中、三中全会精神，深刻领悟“两个确立”的决定性意义，增强“四个意识”、坚定“四个自信”、做到“两个维护”，深入学习贯彻习近平法治思想、习近平总书记关于坚持和完善人民代表大会制度的重要思想，坚持党的领导、人民当家作主、依法治国有机统一，发展全过程人民民主，认真行使宪法法律赋予的立法权、监督权、决定权、任免权，稳中求进推动人大工作高质量发展，为以中国式现代化全面推进强国建设、民族复兴伟业作出新贡献
952,0,0.9749,坚持党中央集中统一领导，坚持用习近平新时代中国特色社会主义思想凝心铸魂
953,2,0.9903,让我们更加紧密地团结在以习近平同志为核心的党中央周围，不忘初心、牢记使命，坚定信心、奋发进取，认真履行宪法法律赋予的职责，在新时代新征程坚持好、完善好、运行好人民代表大会制度，为以中国式现代化全面推进强国建设、民族复兴伟业而不懈奋斗
954,3,0.5884,去年是中俄建交75周年，习近平主席和普京总统三次面对面会晤，共同引领中俄新时代全面战略协作伙伴关系迈向历史新阶段
955,3,0.983,王毅：去年11月，中日两国领导人达成重要共识，同意按照四个政治文件精神，全面推进中日战略互惠关系，构建契合新时代要求的建设性、稳定的中日关系
956,3,0.9838,新时代以来，在习近平主席和拉美国家领导人擘画引领下，在中拉论坛机制助力下，中拉命运共同体建设取得丰硕成果，惠及全体人民
957,1,0.5677,在听取代表发言后，韩正说，李强总理所作的政府工作报告，以习近平新时代中国特色社会主义思想为指导，全面贯彻党的二十大和二十届二中、三中全会精神，贯彻落实中央经济工作会议部署，坚持稳中求进工作总基调，完整准确全面贯彻新发展理念，是一份高举旗帜、求真务实的好报告，我完全赞成这个报告
958,0,0.9845,取得这些来之不易的成绩，根本在于习近平总书记领航掌舵，在于习近平新时代中国特色社会主义思想科学指引
959,4,0.9936,一年来，面对外部压力加大、内部困难增多的复杂严峻形势，在以习近平同志为核心的党中央坚强领导下，全国各族人民砥砺奋进、攻坚克难，经济运行总体平稳、稳中有进，全年经济社会发展主要目标任务顺利完成，高质量发展扎实推进，新质生产力稳步发展，我国经济实力、科技实力、综合国力持续增强，中国式现代化迈出新的坚实步伐，更加坚定了我们在新时代新征程全面建设社会主义现代化国家的决心和信心
960,0,0.9946,"过去一年取得的成绩，根本在于习近平总书记领航掌舵，在于习近平新时代中国特色社会主义思想科学指引
国务院总理李强5日在政府工作报告中指出，过去一年取得的成绩，根本在于习近平总书记领航掌舵，在于习近平新时代中国特色社会主义思想科学指引，是以习近平同志为核心的党中央坚强领导的结果，是全党全军全国各族人民团结奋斗的结果"
961,4,0.6734,做好政府工作，要在以习近平同志为核心的党中央坚强领导下，以习近平新时代中国特色社会主义思想为指导，全面贯彻落实党的二十大和二十届二中、三中全会精神，坚持稳中求进工作总基调，完整准确全面贯彻新发展理念，加快构建新发展格局，扎实推动高质量发展，进一步全面深化改革，扩大高水平对外开放，建设现代化产业体系，更好统筹发展和安全，实施更加积极有为的宏观政策，扩大国内需求，推动科技创新和产业创新融合发展，稳住楼市股市，防范化解重点领域风险和外部冲击，稳定预期、激发活力，推动经济持续回升向好，不断提高人民生活水平，保持社会和谐稳定，高质量完成“十四五”规划目标任务，为实现“十五五”良好开局打牢基础
962,2,0.548,全面实施新时代立德树人工程，推进大中小学思政课一体化改革创新
963,4,0.9736,健全网络生态治理长效机制，发展积极健康的网络文化，推动新时代网络强国建设
964,4,0.9713,坚持和发展新时代“枫桥经验”，推进基层综治中心规范化建设，持续推进信访工作法治化，把矛盾纠纷化解在基层、化解在萌芽状态
965,3,0.9877,新的一年，我们要深入贯彻习近平强军思想，贯彻新时代军事战略方针，坚持党对人民军队的绝对领导，全面深入贯彻军委主席负责制，持续深化政治整训，全力打好实现建军一百年奋斗目标攻坚战
966,1,0.9853,我们要坚持贯彻新时代党解决台湾问题的总体方略，坚持一个中国原则和“九二共识”，坚决反对“台独”分裂和外部势力干涉，推动两岸关系和平发展
967,2,0.4984,我们要更加紧密地团结在以习近平同志为核心的党中央周围，高举中国特色社会主义伟大旗帜，以习近平新时代中国特色社会主义思想为指导，迎难而上、锐意进取，努力完成全年经济社会发展目标任务，确保“十四五”规划圆满收官，为以中国式现代化全面推进强国建设、民族复兴伟业不懈奋斗
968,2,0.9863,"紧紧围绕党和国家工作大局履职尽责
“更好地发挥277万多名各级人大代表的作用”
“新时代新征程，我们要找准人大在推进中国式现代化中的定位和任务，紧紧围绕党和国家工作大局履职尽责"
969,4,0.5357,“我们将围绕发展全过程人民民主，坚持好、完善好、运行好人民代表大会制度，为实现新时代新征程党和人民的奋斗目标提供坚实制度保障
970,3,0.5969,"新华社北京3月4日电  全国政协主席王沪宁4日在全国政协十四届三次会议开幕会上代表政协全国委员会常务委员会向大会报告工作时说，一年来，全国政协常委会全面履行各项职能，主要做了以下工作：
——坚持用习近平新时代中国特色社会主义思想凝心铸魂，夯实团结奋斗的共同思想政治基础"
971,0,0.6078,把习近平新时代中国特色社会主义思想作为统揽政协工作的总纲
972,0,0.6586,《长期坚持、不断丰富发展新时代中国特色社会主义经济思想》（2017年12月18日）这是习近平同志在中央经济工作会议上讲话的一部分
973,0,0.9883,文中指出：党的十八大以来，我们坚持观大势、谋全局、干实事，提出一系列新理念新思想新战略，成功驾驭了我国经济发展大局，形成了新时代中国特色社会主义经济思想
974,4,0.7114,文中指出：新时代我国经济发展的特征，就是我国经济已由高速增长阶段转向高质量发展阶段
975,3,0.6926,《新时代新征程中国共产党的使命任务》（2022年10月16日）这是习近平同志在中国共产党第二十次全国代表大会上报告的一部分
976,3,0.458,《以中国式现代化全面推进强国建设、民族复兴伟业》（2023年2月7日）这是习近平同志在新进中央委员会的委员、候补委员和省部级主要领导干部学习贯彻习近平新时代中国特色社会主义思想和党的二十大精神研讨班上讲话的主要部分
977,4,0.5189,文中指出：党的十八大以来，我们积极探索新时代金融发展规律，不断加深对中国特色社会主义金融本质的认识，不断推进金融实践创新、理论创新、制度创新，积累了宝贵经验，逐步走出一条中国特色金融发展之路，明确了新时代新征程金融工作怎么看、怎么干
978,2,0.5439,谌贻琴指出，习近平总书记始终心系妇女群众，为新时代新征程妇女事业和妇女工作把关定向、掌舵领航，指引中国特色社会主义妇女发展道路越走越宽广
979,4,0.9256,“社会主义是干出来的，新时代也是干出来的
980,4,0.6773,”从我国5%的经济增速在世界主要经济体中名列前茅，到国内生产总值首次突破130万亿元；从粮食总产量首次迈上1.4万亿斤台阶，到我国全球创新指数排名升至第十一位，是10年来创新力提升最快的经济体之一……2024年，在以习近平同志为核心的党中央坚强领导下，全国各族人民坚持以习近平新时代中国特色社会主义思想为指导，坚持干字当头，用努力和汗水浇灌出发展之果、进步之花，顺利完成经济社会发展主要目标任务
981,4,0.9005,300多万名第一书记和驻村干部，同近200万名乡镇干部和数百万村干部一道践行“不获全胜、决不收兵”的誓言，冲锋陷阵，奋战在扶贫一线；1800多名同志将生命永远定格在了脱贫攻坚征程上……新时代脱贫攻坚的伟大壮举再次雄辩地证明：党的十八大以来伟大成就的取得，既不是天上掉下来的，也不是别人恩赐施舍的，而是我们党领导全国各族人民干出来的
982,2,0.588,只有拿出马上就办、真抓实干的劲头，不等不靠、不推不拖，方能展现新担当、实现新作为，在新时代新征程上赢得更加伟大的胜利和无上的荣光
983,0,0.9866,"坚持干字当头，必须学深悟透习近平新时代中国特色社会主义思想，深刻把握和运用这一重要思想的世界观、方法论和贯穿其中的立场观点方法
“工欲善其事，必先利其器"
984,0,0.9814,习近平新时代中国特色社会主义思想既讲是什么、为什么，又讲怎么看、怎么办，生动体现了马克思主义世界观和方法论的统一
985,0,0.9912,坚持干字当头，首要的是学深悟透习近平新时代中国特色社会主义思想，坚持好、运用好贯穿其中的立场观点方法，把党的创新理论变成改造主观世界和客观世界的强大思想武器，以奋发有为的精神状态在推进中国式现代化的伟大实践中书写新辉煌、创造新业绩
986,0,0.9696,”守正创新是我们党在新时代治国理政的重要思想方法
987,4,0.6568,新时代以来，党和国家事业之所以取得历史性成就、发生历史性变革，一个重要原因就是我们坚持用系统观念处理好改革发展稳定的关系，整体推进中国特色社会主义各项事业
988,2,0.6091,新时代以来，我们党团结带领人民群众攻克许多长期没有解决的难题，办成许多事关长远的大事要事，极为重要的一条经验就是在党中央正确决策下全力以赴抓落实
989,4,0.9896,再如，推进乡村全面振兴，就要充分发挥好自身比较优势，使本地区的发展建立在自身有利条件基础之上，甘肃天水打好“花牛苹果牌”，花牛苹果热销中国，出口至马来西亚等30多个国家和地区，成为国际果、致富果、幸福果；辽宁朝阳范杖子村大力发展生态农业，成为东北最大的甜椒生产基地之一……依托当地优势资源发展特色产业，新时代的中国乡村充满蓬勃生机
990,2,0.628,新时代，要有新的精神状态；新使命，更需要新的奋斗姿态
991,1,0.3684,从改革开放初期设立经济特区，到新时代建设自由贸易试验区、推动共建“一带一路”等重大举措，每一项重大决策都是以开放为决策前提，顺应经济全球化大势，引领开放合作潮流
992,1,0.6279,新时代以来，中国实施更加积极的开放政策，对外开放取得历史性成就、发生历史性变革，形成更大范围、更宽领域、更深层次对外开放格局
993,3,0.7876,共建“一带一路”倡议这一国际公共产品，诞生于新时代中国扩大开放的浪潮中，促进了共建国家开放合作、共同发展，被誉为带来了“新型经济全球化”
994,4,0.7487,以人工智能为重要引擎的数字经济，正成为推动全球经济复苏和可持续发展的重要力量，为我国在新时代新征程上实现经济社会高质量发展开辟了广阔空间
995,4,0.7487,以人工智能为重要引擎的数字经济，正成为推动全球经济复苏和可持续发展的重要力量，为我国在新时代新征程上实现经济社会高质量发展开辟了广阔空间
996,3,0.9872,中方愿以联合国成立80周年为契机，同各方一道，从历史中汲取智慧，开启多边主义新时代，构建一个公正合理的全球治理体系，推动构建人类命运共同体
997,1,0.5038,党的十八大以来，习近平总书记高度重视冰雪体育事业的发展，多次就冰雪运动发表重要讲话、作出重要指示，为谱写新时代中国冰雪事业新篇章提供了根本遵循和行动指南
998,1,0.9735,在新时代的发展浪潮中，哈尔滨冰雪旅游经济与冰雪文化不断焕发着新的生机，为城市及区域发展增添新的活力与光彩
999,2,0.521,体育精神具有强大的感染力、引导力和凝聚力，既能够激发我国亿万人民奋进新征程、建功新时代的强大精神力量，也有助于促使人类在追求卓越、超越自我的过程中求同存异、和平共处
1000,3,0.5486,新时代以来，习近平主席应邀出席索契冬奥会开幕式，访问国际奥委会总部，参观英国曼彻斯特城市足球学院……将体育外交推向新高度
1001,2,0.9843,从百年前“体育救国”的时代呼号，到新时代体育强国建设的美好蓝图一步步成为现实，人民体育事业的发展进步，见证了中华民族走向伟大复兴不可阻挡的历史脚步
1002,1,0.5038,党的十八大以来，习近平总书记高度重视冰雪体育事业的发展，多次就冰雪运动发表重要讲话、作出重要指示，为谱写新时代中国冰雪事业新篇章提供了根本遵循和行动指南
1003,1,0.9735,在新时代的发展浪潮中，哈尔滨冰雪旅游经济与冰雪文化不断焕发着新的生机，为城市及区域发展增添新的活力与光彩
1004,4,0.5997,从这个意义上说，新时代以来更多“自带流量”的中国新发展理念走向世界，在全球各地尤其是发展中国家收获关注、投入实践，成为深受欢迎的国际公共产品，就很自然了
1005,3,0.986,中非合作论坛北京峰会成功召开，中国和非洲开启共筑新时代全天候命运共同体的新阶段，继续走在构建人类命运共同体的时代前列
1006,3,0.986,中非合作论坛北京峰会成功召开，中国和非洲开启共筑新时代全天候命运共同体的新阶段，继续走在构建人类命运共同体的时代前列
1007,0,0.5024,党的十八大以来，习近平总书记站在党和国家发展全局的高度，亲自主持设计了一系列事关长远的重大战略和规划，并对相关工作作出重要指示，提出了关于发展战略的一系列新思想新观点新论断，成为习近平新时代中国特色社会主义思想的重要组成部分
1008,4,0.8738,基于对经济发展新常态的科学研判和对新时代发展任务的前瞻谋划，习近平总书记在党的十八届五中全会上首次提出创新、协调、绿色、开放、共享的新发展理念
1009,1,0.6261,基于对新时代社会主要矛盾的科学判断，习近平总书记提出“发展是解决我国一切问题的基础和关键”的重要论断，要求坚持以提高发展质量和效益为中心，努力实现更高质量、更有效率、更加公平、更可持续、更为安全的发展，以解决人民日益增长的美好生活需要和不平衡不充分的发展之间的矛盾
1010,0,0.9899,习近平总书记关于发展战略的重要论述体现了理论与实践、目标与路径、国内和国际的统一，闪烁着马克思主义真理的光芒，展现了习近平新时代中国特色社会主义思想的原创性贡献和实践伟力
1011,0,0.5024,党的十八大以来，习近平总书记站在党和国家发展全局的高度，亲自主持设计了一系列事关长远的重大战略和规划，并对相关工作作出重要指示，提出了关于发展战略的一系列新思想新观点新论断，成为习近平新时代中国特色社会主义思想的重要组成部分
1012,4,0.8738,基于对经济发展新常态的科学研判和对新时代发展任务的前瞻谋划，习近平总书记在党的十八届五中全会上首次提出创新、协调、绿色、开放、共享的新发展理念
1013,1,0.6261,基于对新时代社会主要矛盾的科学判断，习近平总书记提出“发展是解决我国一切问题的基础和关键”的重要论断，要求坚持以提高发展质量和效益为中心，努力实现更高质量、更有效率、更加公平、更可持续、更为安全的发展，以解决人民日益增长的美好生活需要和不平衡不充分的发展之间的矛盾
1014,0,0.9899,习近平总书记关于发展战略的重要论述体现了理论与实践、目标与路径、国内和国际的统一，闪烁着马克思主义真理的光芒，展现了习近平新时代中国特色社会主义思想的原创性贡献和实践伟力
1015,4,0.6789,从古代传说，到新时代传奇，从中思考文化与科技的融合，探寻我国发展的深层动力
1016,0,0.8083,从五千多年文明中走来，创新精神这一中华民族最鲜明的禀赋，不仅内化为中国人民亘古亘今的精神血脉，培厚创新文化的土壤，更外化于新时代发展实践中，激发创新发展的动能
1017,2,0.5149,作为我国航天史上迄今技术水平最高的月球探测任务，嫦娥六号铸就我国探月工程的重要里程碑，为我们打开了一个观察中国人民创新精神和新时代创新文化的独特视角
1018,3,0.951,"”
新时代极不平凡，为什么我们总是能在风雨洗礼中成长、在历经考验中壮大"
1019,0,0.986,新时代创新文化，作为马克思主义基本原理同中华优秀传统文化相结合的文化成果，传承中华优秀传统文化基因，为追梦注入不竭动力
1020,4,0.9773,"”
新时代以来，创新精神充分激发，创造活力充分涌流，科技创新迎来了最好的时代"
1021,0,0.9659,新时代创新文化，激扬不畏艰难的攻坚精神，为圆梦开辟前进道路
1022,0,0.9749,新时代新征程，我们如何继续赢得优势、赢得主动、赢得未来
1023,0,0.7877,"”
新时代新征程，前无古人的开创性事业，呼唤“敢为天下先”的创新精神，在实践中去大胆探索、奋力开拓"
1024,4,0.9854,"新能源汽车产销均破1200万辆，连续10年位居世界首位，折射新质生产力的强劲支撑；我国粮食产量首次迈上1.4万亿斤新台阶，科技助力农民端上“金饭碗”，彰显建设农业强国的内生动力……
新时代大潮澎湃"
1025,3,0.657,在开放包容中不断丰富发展，在兼收并蓄中聚四海之气、借八方之力，这是新时代创新文化的鲜明特征
1026,0,0.9801,越来越多的外国友人看见了一个真实、立体、全面的中国，感受了一个可信、可爱、可敬的中国，进而成为了中国故事的讲述者、中国声音的传播者，化身为“新时代的马可·波罗”
1027,0,0.9801,越来越多的外国友人看见了一个真实、立体、全面的中国，感受了一个可信、可爱、可敬的中国，进而成为了中国故事的讲述者、中国声音的传播者，化身为“新时代的马可·波罗”
1028,1,0.6546,2024年10月，习近平总书记在主持二十届中共中央政治局第十七次集体学习时强调：“要锚定2035年建成文化强国的战略目标，坚持马克思主义这一根本指导思想，植根博大精深的中华文明，顺应信息技术发展潮流，不断发展具有强大思想引领力、精神凝聚力、价值感召力、国际影响力的新时代中国特色社会主义文化”
1029,0,0.9853,"发展具有强大思想引领力的新时代中国特色社会主义文化，为建成文化强国提供思想引领
文化立心铸魂，思想定向领航"
1030,0,0.9892,发展新时代中国特色社会主义文化，必须坚持马克思主义的指导地位，发挥强大的思想引领力，筑牢思想引领的理论基石，确保思想引领的正确方向，坚守思想引领的科学方法
1031,0,0.9787,马克思主义是我们立党立国、兴党兴国的根本指导思想，是新时代中国特色社会主义文化具有强大思想引领力的“动力源”
1032,0,0.9924,习近平新时代中国特色社会主义思想是当代中国马克思主义、二十一世纪马克思主义，是中华文化和中国精神的时代精华，是“两个结合”的光辉典范，必须坚持不懈用这一马克思主义中国化时代化最新成果武装头脑、指导实践、推动工作，自觉用以统领新时代文化建设
1033,0,0.9814,习近平文化思想谱写了马克思主义文化理论发展新篇章，是习近平新时代中国特色社会主义思想的文化篇
1034,0,0.9903,习近平文化思想的形成，标志着我们党对中国特色社会主义文化建设规律的认识达到了新高度，意味着党对于社会主义文化建设的理论认识和实践发展迈入新境界，树立起新时代党的文化旗帜
1035,0,0.9943,建设社会主义文化强国，必须学思践悟习近平文化思想，牢牢把握习近平文化思想明体达用、体用贯通的理论品格，始终高举党的文化旗帜、坚持党的文化领导权，让马克思主义的真理光芒更加熠熠生辉，彰显新时代中国特色社会主义文化的强大思想引领力，从而巩固马克思主义在意识形态领域的指导地位，巩固全党全国人民团结奋斗的共同思想基础
1036,2,0.6062,"发展具有强大精神凝聚力的新时代中国特色社会主义文化，为建成文化强国汇聚精神力量
人无精神不立，国无精神不强"
1037,2,0.683,”建设社会主义文化强国，必须发展具有强大精神凝聚力的新时代中国特色社会主义文化，发挥中华民族宝贵精神财富的凝聚作用，将中华儿女紧紧团结在一起
1038,0,0.6595,新时代中国特色社会主义文化的强大精神凝聚力，源于我们党在百余年奋斗中形成的伟大精神
1039,0,0.8134,新时代中国特色社会主义文化的强大精神凝聚力，也源于中华民族在漫长社会历史发展过程中逐步形成的中国精神
1040,2,0.9897,新时代新征程要增强中国特色社会主义文化的精神凝聚力，必须传承中国共产党人的精神谱系，继续将其深深融入党、国家、民族、人民的血脉和灵魂，成为激励全党全国各族人民不断攻坚克难、从胜利走向胜利的强大精神动力
1041,2,0.9897,民族精神是一个民族赖以生存和发展的精神支柱，增强新时代中国特色社会主义文化的精神凝聚力，就要更加积极主动地赓续以爱国主义为核心的民族精神，不断强化人心凝聚、团结奋进的强大精神纽带，铸牢中华民族共同体意识，坚守中华民族生生不息的精神命脉，铸造中华民族的精神支柱
1042,0,0.9079,”增强新时代中国特色社会主义文化的精神凝聚力，就要大力弘扬以改革创新为核心的时代精神，唱响昂扬的时代主旋律，激发创新创造、奋发有为的精神力量
1043,0,0.6885,"发展具有强大价值感召力的新时代中国特色社会主义文化，为建成文化强国增进价值认同
价值观是文化的内核，核心价值观更是对文化性质和方向起着决定性作用的因素"
1044,0,0.521,文化强国建设目标的实现，内在要求强化新时代中国特色社会主义文化的价值感召力
1045,0,0.9883,社会主义核心价值观将中华优秀传统文化、革命文化和社会主义先进文化熔铸于一炉，作为新时代中国特色社会主义文化主体性的灵魂，引领并推进文化强国建设
1046,0,0.7304,发展具有强大价值感召力的新时代中国特色社会主义文化，必须通过构筑文化建设的中国价值，在文化创造与实践中，让社会主义核心价值观凝结在人们具体可感的行为里，在日用而不觉中引起人们的认同和共鸣
1047,0,0.6065,"发展具有强大国际影响力的新时代中国特色社会主义文化，为建成文化强国拓展全球视野
文化的国际影响力，是指一国文化在国际社会中的传播力和感染力，具体表现为该国文化产品、文化理念、生活方式、传统习俗等文化内容在全球范围内的传播和被接受程度"
1048,1,0.9419,面对中华民族伟大复兴战略全局和世界百年未有之大变局，面对世界范围内各种思想文化交流交融交锋的新态势，如何增强中华文化国际影响力，提高中国在国际上的话语权，已经成为发展新时代中国特色社会主义文化、建设文化强国的一个“必答题”
1049,0,0.9866,建设文化强国，让世界了解更加真实、立体、全面的中国，就要大力发展具有强大国际影响力的新时代中国特色社会主义文化
1050,0,0.9896,提炼概括具有时代价值、世界意义的中华文明精神标识和文化精髓，是推动中华文化更好走向世界的前提和基础，是增强新时代中国特色社会主义文化国际传播力和影响力的重要路径
1051,1,0.6545,2024年10月，习近平总书记在主持二十届中共中央政治局第十七次集体学习时强调：“要锚定2035年建成文化强国的战略目标，坚持马克思主义这一根本指导思想，植根博大精深的中华文明，顺应信息技术发展潮流，不断发展具有强大思想引领力、精神凝聚力、价值感召力、国际影响力的新时代中国特色社会主义文化”
1052,0,0.9853,"发展具有强大思想引领力的新时代中国特色社会主义文化，为建成文化强国提供思想引领
文化立心铸魂，思想定向领航"
1053,0,0.9892,发展新时代中国特色社会主义文化，必须坚持马克思主义的指导地位，发挥强大的思想引领力，筑牢思想引领的理论基石，确保思想引领的正确方向，坚守思想引领的科学方法
1054,0,0.9787,马克思主义是我们立党立国、兴党兴国的根本指导思想，是新时代中国特色社会主义文化具有强大思想引领力的“动力源”
1055,0,0.9924,习近平新时代中国特色社会主义思想是当代中国马克思主义、二十一世纪马克思主义，是中华文化和中国精神的时代精华，是“两个结合”的光辉典范，必须坚持不懈用这一马克思主义中国化时代化最新成果武装头脑、指导实践、推动工作，自觉用以统领新时代文化建设
1056,0,0.9814,习近平文化思想谱写了马克思主义文化理论发展新篇章，是习近平新时代中国特色社会主义思想的文化篇
1057,0,0.9903,习近平文化思想的形成，标志着我们党对中国特色社会主义文化建设规律的认识达到了新高度，意味着党对于社会主义文化建设的理论认识和实践发展迈入新境界，树立起新时代党的文化旗帜
1058,0,0.9943,建设社会主义文化强国，必须学思践悟习近平文化思想，牢牢把握习近平文化思想明体达用、体用贯通的理论品格，始终高举党的文化旗帜、坚持党的文化领导权，让马克思主义的真理光芒更加熠熠生辉，彰显新时代中国特色社会主义文化的强大思想引领力，从而巩固马克思主义在意识形态领域的指导地位，巩固全党全国人民团结奋斗的共同思想基础
1059,2,0.6055,"发展具有强大精神凝聚力的新时代中国特色社会主义文化，为建成文化强国汇聚精神力量
人无精神不立，国无精神不强"
1060,2,0.6831,”建设社会主义文化强国，必须发展具有强大精神凝聚力的新时代中国特色社会主义文化，发挥中华民族宝贵精神财富的凝聚作用，将中华儿女紧紧团结在一起
1061,0,0.6596,新时代中国特色社会主义文化的强大精神凝聚力，源于我们党在百余年奋斗中形成的伟大精神
1062,0,0.8132,新时代中国特色社会主义文化的强大精神凝聚力，也源于中华民族在漫长社会历史发展过程中逐步形成的中国精神
1063,2,0.9897,新时代新征程要增强中国特色社会主义文化的精神凝聚力，必须传承中国共产党人的精神谱系，继续将其深深融入党、国家、民族、人民的血脉和灵魂，成为激励全党全国各族人民不断攻坚克难、从胜利走向胜利的强大精神动力
1064,2,0.9897,民族精神是一个民族赖以生存和发展的精神支柱，增强新时代中国特色社会主义文化的精神凝聚力，就要更加积极主动地赓续以爱国主义为核心的民族精神，不断强化人心凝聚、团结奋进的强大精神纽带，铸牢中华民族共同体意识，坚守中华民族生生不息的精神命脉，铸造中华民族的精神支柱
1065,0,0.9087,”增强新时代中国特色社会主义文化的精神凝聚力，就要大力弘扬以改革创新为核心的时代精神，唱响昂扬的时代主旋律，激发创新创造、奋发有为的精神力量
1066,0,0.6885,"发展具有强大价值感召力的新时代中国特色社会主义文化，为建成文化强国增进价值认同
价值观是文化的内核，核心价值观更是对文化性质和方向起着决定性作用的因素"
1067,0,0.5211,文化强国建设目标的实现，内在要求强化新时代中国特色社会主义文化的价值感召力
1068,0,0.9883,社会主义核心价值观将中华优秀传统文化、革命文化和社会主义先进文化熔铸于一炉，作为新时代中国特色社会主义文化主体性的灵魂，引领并推进文化强国建设
1069,0,0.7304,发展具有强大价值感召力的新时代中国特色社会主义文化，必须通过构筑文化建设的中国价值，在文化创造与实践中，让社会主义核心价值观凝结在人们具体可感的行为里，在日用而不觉中引起人们的认同和共鸣
1070,0,0.6065,"发展具有强大国际影响力的新时代中国特色社会主义文化，为建成文化强国拓展全球视野
文化的国际影响力，是指一国文化在国际社会中的传播力和感染力，具体表现为该国文化产品、文化理念、生活方式、传统习俗等文化内容在全球范围内的传播和被接受程度"
1071,1,0.9425,面对中华民族伟大复兴战略全局和世界百年未有之大变局，面对世界范围内各种思想文化交流交融交锋的新态势，如何增强中华文化国际影响力，提高中国在国际上的话语权，已经成为发展新时代中国特色社会主义文化、建设文化强国的一个“必答题”
1072,0,0.9866,建设文化强国，让世界了解更加真实、立体、全面的中国，就要大力发展具有强大国际影响力的新时代中国特色社会主义文化
1073,0,0.9896,提炼概括具有时代价值、世界意义的中华文明精神标识和文化精髓，是推动中华文化更好走向世界的前提和基础，是增强新时代中国特色社会主义文化国际传播力和影响力的重要路径
1074,3,0.9893,双方将进一步深化高水平政治互信、高水平务实合作、高水平安全合作和高水平国际协作，加快构建新时代更加紧密的中巴命运共同体，为两国的共同繁荣以及地区的和平发展贡献更大力量
1075,1,0.988,五、文方称赞在习近平主席领导下，新时代中国发展取得的历史性成就、发生的历史性变革，为维护世界和平、稳定和可持续发展作出重大贡献，相信中国的持续发展进步将助力中方以中国式现代化全面推进中华民族伟大复兴
1076,3,0.6842,双方高度评价2023年5月《中华人民共和国和吉尔吉斯共和国关于建立新时代全面战略伙伴关系的联合宣言》签署以来双边关系发展成果，一致同意以此为基础进一步深化中吉新时代全面战略伙伴关系，推动构建睦邻友好、共享繁荣的中吉命运共同体，维护地区稳定与发展，造福两国人民
1077,3,0.9699,两国元首将保持经常沟通，为深化和提升中吉新时代全面战略伙伴关系提供战略引领
1078,3,0.982,中方愿同巴方一道努力，赓续中巴传统友谊，落实两国领导人重要共识，加快构建新时代更加紧密的中巴命运共同体
1079,2,0.5827,近年来，中吉关系实现跨越式发展，达到新时代全面战略伙伴的新高度
1080,1,0.6041,会谈后，两国元首共同签署《中华人民共和国和吉尔吉斯共和国关于深化新时代全面战略伙伴关系的联合声明》，见证签署共建“一带一路”合作规划以及外交、经贸、农业等领域多项合作文件
1081,3,0.982,中方愿同巴方一道努力，赓续中巴传统友谊，落实两国领导人重要共识，加快构建新时代更加紧密的中巴命运共同体
1082,2,0.5826,近年来，中吉关系实现跨越式发展，达到新时代全面战略伙伴的新高度
1083,1,0.6041,会谈后，两国元首共同签署《中华人民共和国和吉尔吉斯共和国关于深化新时代全面战略伙伴关系的联合声明》，见证签署共建“一带一路”合作规划以及外交、经贸、农业等领域多项合作文件
1084,4,0.4379,中国以新时代脱贫攻坚伟大实践，深刻诠释了以人民为中心的发展理念，生动展现了发展是消除贫困的有效途径、更是保障人民基本权利的根本办法
1085,3,0.5456,全球文明倡议如春风化雨，坚持文明平等交流互鉴，以尊重为基石，消弭不同国家、民族间的文化隔阂与偏见，让古老文明在新时代碰撞出绚烂火花，为人类文明进步注入源源不断的活力清泉，为消融一元现代化所带来的文明冲突、坚持多元的发展路径保驾护航
1086,4,0.9801,秉承这一传统文化内涵，融入和谐司法理念，安徽桐城市形成“新时代六尺巷工作法”，有效调解群众矛盾、推进社会治理
1087,4,0.758,践行新时代“枫桥经验”，许多地方的社区、小区，运用家庭和邻里纠纷的处理智慧，建设“民情角”“睦邻调解室”“群英断是非”等协商平台和调解组织，推动“小事不出社区、大事不出街道、矛盾不上交”
1088,0,0.5638,我们将继续以习近平新时代中国特色社会主义思想特别是习近平外交思想为指引，踔厉奋发、笃行不怠，为深入推进中国特色大国外交、推动构建人类命运共同体作出新的贡献
1089,3,0.6575,”中国驻里约热内卢总领事田敏表示，新的一年，总领馆将继续坚持以习近平新时代中国特色社会主义思想为指导，全面落实好中巴两国元首达成的重要共识，为加快两国发展战略对接担当尽责，为携手构建更公正世界和更可持续星球的中巴命运共同体添砖加瓦，更好服务两国现代化进程
1090,3,0.5394,“我们将继续落实好中埃两国元首重要共识，推动双边关系朝着构建面向新时代的中埃命运共同体的更高目标不断迈进，为以中国式现代化全面推进强国建设、民族复兴伟业贡献力量
1091,2,0.9678,"”
“习近平总书记的讲话极大增强了我们奋进新征程、建功新时代的信心"
1092,2,0.6407,"”
“中国经济社会发展成就举世瞩目，中国式现代化建设扎实推进，激励着每一位中华儿女在新时代新征程上不断前行"
1093,0,0.6356,"开栏的话
坚持用习近平新时代中国特色社会主义思想武装头脑、指导实践、推动工作，坚持问题导向，本报理论版今起推出“访谈录”专栏，邀请嘉宾聚焦重大理论和实践问题、社会热点问题等，开展深度对话与交流"
1094,3,0.8687,中方支持埃及在国际和地区事务中发挥更大作用，愿同埃方进一步密切在上海合作组织等多边平台的协调配合，推动双边关系朝着构建面向新时代的中埃命运共同体目标持续迈进
1095,3,0.9797,双方重申携手打造高质量、高水平、高标准的新时代中柬命运共同体的坚定决心，表明致力于做世界的和平力量、发展力量、进步力量的共同愿望
1096,2,0.6697,斯方高度评价新时代中国取得的伟大成就，支持中方以中国式现代化全面推进强国建设、民族复兴伟业
1097,2,0.8747,"（作者为中央党校（国家行政学院）习近平新时代中国特色社会主义思想研究中心研究员、国际战略研究院副院长）
《 人民日报 》（ 2025年01月16日 03 版）"
1098,0,0.986,越南将以筹备越共十四大为目标，迈向以民富国强民主公平文明为特征的新的发展纪元，在此过程中将充分借鉴中国的发展经验，尤其是习近平新时代中国特色社会主义思想新的理论和实践创新
1099,0,0.986,越南将以筹备越共十四大为目标，迈向以民富国强民主公平文明为特征的新的发展纪元，在此过程中将充分借鉴中国的发展经验，尤其是习近平新时代中国特色社会主义思想新的理论和实践创新
1100,1,0.9892,进入新时代以来，党中央把脱贫攻坚作为全面建成小康社会、实现第一个百年奋斗目标必须完成的硬任务，纳入经济社会发展全局进行部署，出台了一系列超常规政策举措，这本身就是以人民为中心作出的伟大抉择
1101,2,0.9827,可以说，新时代的脱贫攻坚战，深刻诠释了中国共产党人以人民为中心的发展思想，是中国共产党全心全意为人民服务宗旨在新时代最集中、最充分、最生动的体现
1102,1,0.9892,进入新时代以来，党中央把脱贫攻坚作为全面建成小康社会、实现第一个百年奋斗目标必须完成的硬任务，纳入经济社会发展全局进行部署，出台了一系列超常规政策举措，这本身就是以人民为中心作出的伟大抉择
1103,2,0.9827,可以说，新时代的脱贫攻坚战，深刻诠释了中国共产党人以人民为中心的发展思想，是中国共产党全心全意为人民服务宗旨在新时代最集中、最充分、最生动的体现
1104,0,0.6108,”德贝什表示，2013年3月，习近平主席出访非洲期间提出真实亲诚对非政策理念和正确义利观，为中国新时代对非合作指明了前进方向、提供了根本遵循
1105,3,0.9667,金砖大家庭再添新成员，标志着金砖国家正迈入“大金砖合作”新时代
1106,3,0.9941,2024年，同塞尔维亚启动构建新时代中塞命运共同体，实现命运共同体建设在欧洲的突破；同巴西宣布携手构建更公正世界和更可持续星球的中巴命运共同体，彰显新兴大国的责任担当；同非洲国家一致同意共筑新时代全天候中非命运共同体，表明中非28亿多人民风雨同舟的共同心愿……构建人类命运共同体从倡议变成共识，从愿景成为实践，成为推动当今世界面貌发生积极而深刻变化的重要力量
1107,2,0.6562,中欧班列累计开行突破10万列，秘鲁钱凯港见证新时代亚拉陆海新通道的诞生，155个国家加入共建“一带一路”合作大家庭，惠及世界的“幸福路”越走越宽广；连续7年举办中国国际进口博览会，不断向各国开放市场；宣布支持全球发展的八项行动，同广大发展中国家携手迈向现代化……中国用实际行动诠释“中国人民不仅希望自己过得好，也希望各国人民过得好”的真诚愿望
1108,3,0.9886,过去一年，中国同塞尔维亚启动构建新时代中塞命运共同体，同非洲国家一致同意共筑新时代全天候中非命运共同体，同巴西宣布携手构建更公正世界和更可持续星球的中巴命运共同体
1109,1,0.6614,”泰国正大管理学院中国—东盟研究中心主任汤之敏表示，传统中国茶文化在新时代展现出强大的生命力和时代价值
1110,3,0.8038,“中方支持新时代塞中命运共同体建设的首期6项务实举措，将为塞尔维亚带来巨大的发展机遇，受到塞各界热烈欢迎
1111,3,0.9872,在2024年9月举行的中非合作论坛北京峰会上，中国同所有非洲建交国的双边关系提升到战略关系层面，中非关系整体定位提升至新时代全天候中非命运共同体
1112,3,0.6009,中欧班列不断引领亚欧大陆合作发展新图景、中老铁路持续释放“黄金大通道”效益、钱凯港正在成为“新时代的印加古道”新起点……今日的中国，本着合作共赢理念，携手各国在迈向现代化的道路上加速奔跑
1113,2,0.5302,新时代、新征程上，应建设好人类命运共同体研究中心，履行好研究、阐释、宣介习近平外交思想的光荣职责
1114,3,0.6591,以高质量共建“一带一路”这个实践平台观之，“从钱凯到上海”全球瞩目，这条新时代亚拉陆海新通道铺就繁荣幸福之路，这是以大联通推动大发展的成果；中欧班列累计开行突破10万列，发送货物超1100万标准箱，开行万列所需时间从最初的90个月缩短为6个月，这是高质量发展跑出的“加速度”
1115,3,0.9699,阿中合作有助于推动构建面向新时代的阿中命运共同体，并更好惠及双方人民
1116,2,0.5009,党的二十大明确了新时代新征程党和国家的中心任务，“当前和今后一个时期是以中国式现代化全面推进强国建设、民族复兴伟业的关键时期”
1117,0,0.947,"”
新时代新征程，靠什么凝心聚力"
1118,4,0.4433,"3月，长沙，聚焦新时代推动中部地区崛起；4月，重庆，研究新时代推动西部大开发；9月，兰州，部署全面推动黄河流域生态保护和高质量发展……
一年间，习近平总书记接连主持召开3场专题座谈会，以战略和全局之谋，擘画区域协调发展新图景：“这些会议一届开一次，一个一个抓起来，一轮一轮抓下去，久久为功、步步深入，必有所成……”
中央层面出台文件推动东北地区冰雪经济高质量发展，长三角地区发布一体化发展三年行动计划，雄安新区首家落户央企总部中国星网竣工交付……中国大地上一个个区域板块相得益彰、相连成势，构成一盘大棋局"
1119,2,0.4774,“这些都更加坚定了我们在新时代新征程开拓进取、攻坚克难、扎实推进中国式现代化的决心和信心
1120,4,0.9881,稳增长、稳就业的压力始终存在，结构性就业矛盾不断凸显，提升就业质量已经成为劳动者的迫切愿望……针对就业工作面临的突出矛盾和问题，习近平总书记强调，促进高质量充分就业，是新时代新征程就业工作的新定位、新使命
1121,3,0.9872,当习近平主席宣布中非关系整体定位提升至新时代全天候中非命运共同体，中非携手推进“六个现代化”、实施“十大伙伴行动”，热烈的掌声一次次响起，表达着中非在新征程上共逐现代化之梦的共同心声
1122,0,0.6135,"“北京中轴线——中国理想都城秩序的杰作”成功申遗，老城的市井烟火和现代的生活方式相融共生；“春节——中国人庆祝传统新年的社会实践”列入联合国教科文组织人类非物质文化遗产代表作名录，赓续不绝的中华传统文化符号进一步走向世界；《习近平文化思想学习纲要》出版发行，进一步筑牢强国建设、民族复兴的文化根基……
放眼中华大地，新时代中国特色社会主义文化不断焕发更加强大的思想引领力、精神凝聚力、价值感召力、国际影响力，中国人的志气、骨气、底气空前增强，全民族创新创造活力充分涌流"
1123,4,0.5409,这新篇里，有嫦娥六号完成人类史上首次月背采样、新能源汽车年产量首破1000万辆的创新跃动，有普惠托育服务体系建设加快推进、养老保障水平持续提升的民生向暖，有中国运动员全年获得194个世界冠军的历史佳绩，有功勋模范人物等生动诠释的新时代中国精神
1124,0,0.5991,这充分彰显了“两个确立”对于我们应对各种风险挑战、推进中国式现代化建设具有决定性意义，更加坚定了我们在新时代新征程开拓进取、攻坚克难的决心和信心
1125,2,0.4707,每个奋斗者拼搏的汗水，汇成新时代的滚滚洪流
1126,0,0.9926,"在以习近平同志为核心的党中央坚强领导下，全面贯彻习近平新时代中国特色社会主义思想，深刻领悟“两个确立”的决定性意义，增强“四个意识”、坚定“四个自信”、做到“两个维护”，决胜“十四五”，向着光明的未来阔步前进，这样的声音在耳畔回荡：
“我们必须走在时间前面，成为时代的弄潮儿"
1127,0,0.5247,"以中国式现代化全面推进强国建设、民族复兴伟业※
习近平
党中央决定举办这次新进中央委员会的委员、候补委员和省部级主要领导干部学习贯彻新时代中国特色社会主义思想和党的二十大精神研讨班，目的是促进高级干部带头深入学习贯彻新时代中国特色社会主义思想和党的二十大精神，进而推动全党全国人民把思想统一到新时代中国特色社会主义思想和党的二十大精神上来，把力量凝聚到实现党的二十大确定的目标任务上来"
1128,3,0.5013,2023年2月7日，新进中央委员会的委员、候补委员和省部级主要领导干部学习贯彻习近平新时代中国特色社会主义思想和党的二十大精神研讨班在中央党校（国家行政学院）开班
1129,0,0.986,10年来，我们在认识上不断深化，创立了新时代中国特色社会主义思想，实现了马克思主义中国化时代化新的飞跃，为中国式现代化提供了根本遵循
1130,4,0.4647,在总结改革开放和新时代实践成就和经验基础上，党的二十大更加清晰擘画了到2035年我国发展的目标要求，科学描绘了全面建成社会主义现代化强国、全面推进中华民族伟大复兴的宏伟蓝图
1131,4,0.9713,中国式现代化的初步成功实践和取得的显著成就，新时代以来“东升西降”、“中治西乱”的鲜明对比，使广大发展中国家看到了新的希望，有了新的选择
1132,2,0.7333,这是18日下午，习近平在果洛西宁民族中学高一（1）班观摩“新时代、新家乡”主题思政课
1133,0,0.9696,守正创新是我们党在新时代治国理政的重要思想方法
1134,3,0.6338,※这是习近平总书记2023年2月7日在新进中央委员会的委员、候补委员和省部级主要领导干部学习贯彻习近平新时代中国特色社会主义思想和党的二十大精神研讨班上讲话的主要部分
1135,3,0.9922,"打造中国哈萨克斯坦关系新的“黄金三十年”、发展中国塔吉克斯坦新时代全面战略合作伙伴关系；越共中央总书记、国家主席苏林就任总书记后首访就来到中国，中越命运共同体建设实现良好开局；印度尼西亚总统普拉博沃在当选和就职后两度首访中国，打造发展中大国关系典范；马来西亚、新加坡、柬埔寨等国领导人相继访华，中国同周边国家携手建设友好共生的亚洲家园……
在元首外交引领下，中国的“邻里关系”历久弥坚，再谱新篇"
1136,3,0.9916,"”
一年来，同塞尔维亚启动构建新时代中塞命运共同体，实现命运共同体建设在欧洲的突破；共筑新时代全天候中非命运共同体，表明中非28亿多人民风雨同舟的共同心愿；一个个区域性命运共同体建设相继展开，不断拓展和合共生的文明新境界……构建人类命运共同体，日益成为各方共襄盛举的宏伟事业"
1137,3,0.9931,中国同巴西携手构建更公正世界和更可持续星球的中巴命运共同体，中国同塞尔维亚启动构建新时代中塞命运共同体、实现命运共同体建设在欧洲的突破，中非合作论坛北京峰会见证中非共筑新时代全天候中非命运共同体的坚定抉择……构建命运共同体的共识不断汇聚，和合共生的文明新境界不断拓展
1138,4,0.8479,10年来，这部著作已翻译出版40多个语种，海外发行覆盖约180个国家和地区，在国际上被解读为理解新时代中国改革发展的“金钥匙”、解答全球发展难题的“思想库”
1139,2,0.9868,中欧班列累计开行突破10万列，钱凯港成为新时代亚拉陆海新通道最新地标，155个国家加入共建“一带一路”合作大家庭，高质量共建“一带一路”走深走实，惠及世界的“幸福路”越走越宽广
1140,4,0.9876,新时代以来，习近平总书记着眼全球共同发展的长远目标和现实需要，强调“要把发展置于国际议程中心位置”，引导发展议程谈判重点关注解决发展中国家，特别是非洲国家和最不发达国家面临的困难和挑战
1141,2,0.9796,"（作者为中央党校（国家行政学院）习近平新时代中国特色社会主义思想研究中心主任）
《 人民日报 》（ 2024年12月26日 09 版）"
1142,4,0.9876,新时代以来，习近平总书记着眼全球共同发展的长远目标和现实需要，强调“要把发展置于国际议程中心位置”，引导发展议程谈判重点关注解决发展中国家，特别是非洲国家和最不发达国家面临的困难和挑战
1143,2,0.9796,"（作者为中央党校（国家行政学院）习近平新时代中国特色社会主义思想研究中心主任）
《 人民日报 》（ 2024年12月26日 09 版）"
1144,4,0.7742,新时代以来，正是因为始终坚持以人民为中心，庄严承诺“决不能落下一个贫困地区、一个贫困群众”，中国共产党领导人民勠力同心、艰苦奋斗，成功打赢脱贫攻坚战，实现8亿贫困人口全部脱贫，提前完成联合国2030年可持续发展议程的减贫目标
1145,4,0.9866,认真学习这些重要论述，对于新时代新征程促进经济社会发展与资源环境承载能力相适应，以高水平保护支撑高质量发展，努力建设人与自然和谐共生的中国式现代化，具有十分重要的意义
1146,1,0.6338,进入新时代，以习近平同志为核心的党中央把生态文明建设作为统筹推进“五位一体”总体布局和协调推进“四个全面”战略布局的重要内容，把“坚持人与自然和谐共生”纳入新时代坚持和发展中国特色社会主义的基本方略，作为中国式现代化的显著特征和本质要求，不断深化对自然资源工作规律的认识
1147,0,0.9845,习近平总书记关于自然资源工作的重要论述，立意高远，内涵丰富，思想深刻，是习近平新时代中国特色社会主义思想的重要组成部分
1148,3,0.5291,此访期间，两国元首举行了内容丰富、成果丰硕的会谈，共同签署联合声明，宣布建立新时代塔中全面战略合作伙伴关系，一致决定在更高起点上携手构建世代友好、休戚与共、互利共赢的塔中命运共同体
1149,2,0.9644,从中华文明深处汲取历史智慧，在新时代新征程中展现大国担当
1150,3,0.942,“共同坐上新时代的‘诺亚方舟’，人类才会有更加美好的明天
1151,3,0.9954,今年5月，习近平主席访问塞尔维亚，两国元首宣布构建新时代中塞命运共同体，塞尔维亚成为首个同中国共同构建命运共同体的欧洲国家；7月，上海合作组织阿斯塔纳峰会上，成员国重申推动构建相互尊重、公平正义、合作共赢的新型国际关系和人类命运共同体；9月，中非合作论坛北京峰会上，中非关系整体定位提升至新时代全天候中非命运共同体；11月，习近平主席访问巴西，两国元首宣布将中巴关系提升为携手构建更公正世界和更可持续星球的中巴命运共同体……人类命运共同体建设取得新突破，推动命运与共、“同球共济”的历史潮流
1152,3,0.6709,论坛上，来自中国和阿根廷、巴哈马、巴西、智利、哥斯达黎加、古巴、厄瓜多尔、格林纳达、洪都拉斯、牙买加等17个拉美和加勒比国家共同体国家的法学法律界人士，以“深化中国—拉共体法治合作，助力新时代中拉关系发展”为主题开展对话交流
1153,0,0.5015,取得这些重大和积极进展的关键，在于习近平总书记的领航掌舵，在每个重要节点作出战略判断，引领新时代中国特色大国外交实践；在于习近平外交思想的科学指引，从人类发展大潮流、世界变化大格局中准确把握中国同世界的关系，使中国的外交理念与政策始终符合绝大多数国家的共同愿望，始终顺应历史发展进步的客观规律，始终占据国际道义的制高点
1154,3,0.9838,"“中国是拉美各国实现发展的可靠伙伴”
今年11月，习近平主席访问拉美，会见多位拉美国家领导人，为新时代共建中拉命运共同体指明了方向"
1155,0,0.6367,讲话回顾中国共产党领导中国人民建立、完善人民代表大会制度的光辉历程，深刻阐述人民代表大会制度的显著政治优势，系统总结新时代人民代表大会制度理论和实践创新重大成果，对在新的历史起点上坚持好、完善好、运行好人民代表大会制度作出全面部署、提出明确要求
1156,0,0.8762,这一系列新理念新思想新要求，形成了党关于坚持和完善人民代表大会制度的重要思想，为新时代推动人大工作高质量发展提供了根本遵循
1157,4,0.5356,我们要围绕发展全过程人民民主，坚持好、完善好、运行好人民代表大会制度，为实现新时代新征程党和人民的奋斗目标提供坚实制度保障
1158,2,0.4254,党中央决定对宪法进行适当修改，目的是在保持宪法连续性、稳定性、权威性的前提下，通过修改使我国宪法更好体现人民意志，更好体现中国特色社会主义制度的优势，更好适应提高中国共产党长期执政能力、推进全面依法治国、推进国家治理体系和治理能力现代化的要求，为新时代坚持和发展中国特色社会主义提供宪法保障
1159,0,0.899,讲话明确提出新时代加强和改进人大工作的指导思想、重大原则和主要工作，深刻回答新时代发展中国特色社会主义民主政治、坚持和完善人民代表大会制度的一系列重大理论和实践问题，丰富和拓展了中国特色社会主义民主政治和人民代表大会制度的政治内涵、理论内涵、实践内涵
1160,3,0.9576,要毫不动摇坚持、与时俱进完善人民代表大会制度，加强和改进新时代人大工作
1161,3,0.9796,《谱写新时代中国宪法实践新篇章》是2022年12月19日习近平同志为纪念现行宪法公布施行40周年发表的署名文章
1162,0,0.4518,在新时代坚持和发展中国特色社会主义的进程中，我们党总结运用历史经验，全面贯彻实施宪法，勇于推进宪法理论和宪法实践创新，积累了许多新鲜经验，深化了对我国宪法制度建设的规律性认识，这就是：必须坚持中国共产党领导，必须坚持人民当家作主，必须坚持依宪治国、依宪执政，必须坚持宪法的国家根本法地位，必须坚持宪法实施与监督制度化法规化，必须坚持维护宪法权威和尊严，必须坚持与时俱进完善和发展宪法
1163,3,0.7156,新时代中国始终高举人类命运共同体旗帜，与各国携手同行现代化之路
1164,2,0.9706,（作者系江苏省习近平新时代中国特色社会主义思想研究中心特约研究员、中共江苏省委党校教授）
1165,0,0.9903,作为习近平新时代中国特色社会主义思想的文化篇，习近平文化思想是新时代党领导文化建设实践经验的理论总结，是坚持“两个结合”、推进马克思主义文化理论创新的重大成果，是明体达用、体用贯通的科学体系
1166,0,0.9942,近日出版发行的《习近平文化思想学习纲要》，系统阐释了习近平文化思想的核心要义、精神实质、丰富内涵、实践要求，全面反映习近平新时代中国特色社会主义思想在文化领域的原创性贡献，为我们深入学习领会习近平文化思想，感悟中华文明的现代力量，筑牢强国建设、民族复兴的文化根基提供了重要学习读本
1167,4,0.9756,熊熊窑火，千年不息，古老窑口续写传奇；非遗匠人荟萃坚守，“活态”传承制瓷技艺；历史街区“修旧如旧”，保留千年瓷业肌理；多元业态因瓷而兴，传统产业神奇“窑变”……“千年瓷都”书写新时代陶瓷文化新篇
1168,0,0.9553,新时代中国，江山壮丽，人民豪迈，前程远大，我们信心十足，力量十足
1169,1,0.5374,新时代“人文经济学”故事古老而新潮，新时代文化繁荣兴盛
1170,0,0.4546,新时代中国正以更加开放的姿态拥抱世界、以更有活力的文明成就贡献世界
1171,0,0.6383,新时代新的文化使命赋予我们新的更大责任，也要求我们必须有新的更大作为
1172,0,0.9119,新征程上，坚持以习近平新时代中国特色社会主义思想为指导，深入学习贯彻习近平文化思想，不断提高把握文化发展规律、推动文化强国建设的能力和水平，担当使命、奋发有为，中华文明必将重焕荣光，中国式现代化道路必定越走越宽广
1173,4,0.9913,"第二个大观念——唯有读懂中国式现代化，才能读懂中国进一步全面深化改革的宏伟蓝图
2013年党的十八届三中全会具有划时代意义，从提出“全面深化改革”以来，完善和发展中国特色社会主义制度，推进国家治理体系和治理能力现代化，就已经成为中国新时代全面深化改革的总目标"
1174,4,0.7405,与会嘉宾表示，中共十八届三中全会以来，新时代全面深化改革取得重大实践成果、制度成果、理论成果，为推进中国式现代化注入强大动力
1175,1,0.7497,四、尼方热烈祝贺中华人民共和国成立75周年，高度评价新时代中国取得的伟大成就，支持中方以中国式现代化全面推进强国建设、民族复兴
1176,4,0.7404,与会嘉宾表示，中共十八届三中全会以来，新时代全面深化改革取得重大实践成果、制度成果、理论成果，为推进中国式现代化注入强大动力
1177,0,0.6525,与会人员表示，要更加紧密地团结在以习近平同志为核心的党中央周围，坚持以习近平新时代中国特色社会主义思想为指导，深入贯彻党的二十大和二十届二中、三中全会精神，深刻领悟“两个确立”的决定性意义，增强“四个意识”、坚定“四个自信”、做到“两个维护”，凝心聚力、真抓实干，坚定不移推进高质量共建“一带一路”，为推动世界共同发展、构建人类命运共同体贡献更大力量
1178,2,0.9477,如今的钱凯港，正在成为“新时代的印加古道”新起点
1179,2,0.9767,“从钱凯到上海”，不仅是共建“一带一路”倡议在秘鲁的生根开花，也是一条新时代亚拉陆海新通道的诞生
1180,2,0.975,“印加古道”和“古丝路要冲”新时代的蓬勃变化，正是高质量共建“一带一路”合作走深走实的生动缩影
1181,1,0.7824,赵乐际介绍了推进中国式现代化的有关情况，表示愿同希方在发展振兴道路上携手前行，让中希两大文明古国在新时代焕发新的光彩
1182,2,0.6958,"”
当地时间11月14日，中国和秘鲁共建“一带一路”重点项目钱凯港正式开港，“从钱凯到上海”的新时代亚拉陆海新通道诞生，拉美和加勒比地区从此有了“新时代的印加古道”"
1183,4,0.6372,"中国在走出一条符合国情的农村公路发展道路的同时，积极交流分享农村公路发展经验，支持其他发展中国家农村公路建设
11月29日，中国国务院新闻办公室发布《新时代的中国农村公路发展》白皮书，介绍新时代中国农村公路发展成就和理念，分享中国推动农村公路发展的实践经验"
1184,1,0.7824,赵乐际介绍了推进中国式现代化的有关情况，表示愿同希方在发展振兴道路上携手前行，让中希两大文明古国在新时代焕发新的光彩
1185,2,0.6001,三、萨方祝贺中华人民共和国成立75周年，赞赏新时代中国在以中国式现代化全面推进强国建设、民族复兴伟业过程中取得的成就
1186,0,0.5924,认真学习这些重要论述，对于推动新时代我国卫生与健康事业发展，不断为增进人民健康作出新贡献，为健康中国建设谱写新篇章，具有十分重要的意义
1187,4,0.9923,党的十八大以来，以习近平同志为核心的党中央把维护人民健康摆在更加突出的位置，召开全国卫生与健康大会，确立新时代卫生与健康工作方针，印发《“健康中国2030”规划纲要》，发出建设健康中国的号召，明确了建设健康中国的大政方针和行动纲领，人民健康状况和基本医疗卫生服务的公平性可及性持续改善
1188,4,0.9489,确立新时代卫生与健康工作方针
1189,4,0.9001,做好新时代人口工作，要着眼强国建设、民族复兴的战略安排，完善新时代人口发展战略，认识、适应、引领人口发展新常态，着力提高人口整体素质，努力保持适度生育水平和人口规模，加快塑造素质优良、总量充裕、结构优化、分布合理的现代化人力资源，以人口高质量发展支撑中国式现代化
1190,4,0.9227,新时代开展爱国卫生运动，要坚持预防为主，丰富爱国卫生工作内涵，创新方式方法，推动从环境卫生治理向全面社会健康管理转变，解决好关系人民健康的全局性、长期性问题
1191,0,0.9853,习近平总书记关于健康中国的重要论述，立意高远，内涵丰富，思想深刻，是习近平新时代中国特色社会主义思想的重要组成部分
1192,0,0.6113,习近平新时代中国特色社会主义思想蕴含的“人类命运共同体”“全人类共同价值”“人类文明新形态”等一系列标识性概念、原创性观点，为构建中国话语和中国叙事体系提供了科学指南和实践范例
1193,2,0.9857,中秘共建“一带一路”重点项目钱凯港开港，不仅标志着“从钱凯到上海”的新时代亚拉陆海新通道诞生，也意味着拉美和加勒比地区将拥有“新时代的印加古道”，带动地区整体发展和一体化建设
1194,3,0.951,一年多前，卢拉总统到访中国，在北京人民大会堂的欢迎仪式上，一首名为《新时代》的巴西乐曲，令不少随团成员眼眶湿润
1195,3,0.7293,习近平主席进一步强调：“中巴两国都有扬正义、树道义的传统和担当，中国愿同巴西一道，不断丰富中巴命运共同体的时代内涵，坚定捍卫真正的多边主义，共同发出要发展不要贫穷、要合作不要对抗、要公正不要霸权的新时代强音，携手建设更加美好的世界
1196,3,0.7615,10年前，元首外交引领中拉命运共同体的大船正式启航；10年来，中拉合作走上提质升级的快车道，中拉关系迈入平等、互利、创新、开放、惠民的新时代
1197,2,0.7673,10年前，心怀民族复兴、世界大同梦想的东方大国，高高举起新时代中国特色大国外交的旗帜；10年来，中国特色、中国风格、中国气派，让中国的朋友遍天下，世界前所未有地瞩目中国
1198,3,0.9419,2013年北半球早春，新时代中国外交迎来一波“访华潮”
1199,2,0.9796,开港仪式上，习近平主席讲起2000多年前中华民族先辈闯出的海上丝绸之路，讲起500多年前秘鲁先民印加人修建的印加古道，“如今的钱凯港，正在成为‘新时代的印加古道’新起点”
1200,3,0.678,博鲁阿尔特总统动情地说：“这条‘新时代的印加古道’将架设起两大文明古国交融之桥、两个友好民族友谊深化之桥
1201,3,0.9747,"”
（二）35年·大合作：为人民造福，开创亚太发展新时代
结束国事访问日程，习近平主席的秘鲁之行进入“APEC时间”"
1202,3,0.9766,我们要团结协作，勇于担当，全面落实2040年布特拉加亚愿景，推动构建亚太命运共同体，努力开创亚太发展新时代
1203,3,0.5046,“构建开放融通的亚太合作格局”“培育绿色创新的亚太增长动能”“树牢普惠包容的亚太发展理念”——习近平主席围绕开创亚太发展新时代提出三项主张，立足中国自身发展经验，呼应“赋能、包容、增长”的会议主题，展现出守正创新的大国智慧、大国风范
1204,3,0.983,这一独特气质彰显于中拉友好、亚太合作的事业，也塑造着新时代中国对其与外部世界关系的运筹、对人类前途命运的思考
1205,3,0.992,"“为世界和平和发展事业作出新的贡献”
习近平主席指出，中方愿同巴方一道，以人类前途为怀、以人民福祉为念，不断丰富新时代中巴关系内涵，做相互成就的“黄金搭档”，朝着构建人类命运共同体、构建更公正世界和更可持续星球的目标不断迈进，为人类和平和进步事业作出更大贡献"
1206,3,0.6771,10年前，习近平主席在巴西利亚同拉美和加勒比国家领导人共同宣布成立中拉论坛，推动中拉关系进入了平等、互利、创新、开放、惠民的新时代
1207,3,0.8121,着眼于推动构建亚太命运共同体，努力开创亚太发展新时代，习近平主席呼吁亚太经济体始终坚持真正的多边主义，构建开放融通的亚太合作格局、培育绿色创新的亚太增长动能、树牢普惠包容的亚太发展理念，引领亚太开放合作启新程
1208,3,0.8172,11天时间里，习近平主席行程逾4万公里，横跨南美大陆东西两岸，密集出席近40场双多边活动，达成60多项合作文件，既会老友，又交新朋；既进行战略沟通，又深化务实合作；既推动大国关系健康稳定发展，又引领全球南方团结自强，拓展了中国高质量发展和高水平开放新空间，丰富了构建人类命运共同体新实践，开辟了新时代中国特色大国外交新境界
1209,2,0.8595,历史上，中秘人民曾通过海上丝绸之路互通有无，今天钱凯港正在成为“新时代的印加古道”新起点，“一带一路”正在为秘鲁乃至拉美国家铺就繁荣幸福之路
1210,3,0.9725,中方愿同巴方一道，不断丰富新时代中巴关系内涵，做相互成就的“黄金搭档”
1211,2,0.5567,我们要更加紧密团结在以习近平同志为核心的党中央周围，持续学思践悟习近平外交思想，坚持自信自立、开放包容、公道正义、合作共赢的方针原则，坚定不移推动构建人类命运共同体，不断开创新时代中国特色大国外交新局面，为以中国式现代化全面推进强国建设、民族复兴伟业营造更有利国际环境、提供更坚实战略支撑
1212,4,0.5239,精准扶贫、东西部协作、脱贫攻坚和乡村振兴的有序衔接等等，构建了一整套行之有效的政策体系、工作体系、制度体系，走出一条中国特色减贫道路，也深刻融汇于习近平新时代中国特色社会主义思想
1213,1,0.7907,”新时代新征程，我们要深入学习贯彻习近平总书记重要讲话精神，加快构建多渠道、立体式对外传播格局，以更有效力的国际传播体系、更高水平的国际传播效能、同我国综合国力和国际地位相匹配的国际话语权，为以中国式现代化全面推进强国建设、民族复兴伟业营造有利外部舆论环境
1214,1,0.6274,"充分认识新时代以来我国国际传播工作成效
我们党历来高度重视对外传播工作"
1215,0,0.9872,新时代以来，习近平总书记对加强和改进国际传播工作提出一系列新思想新观点新论断，为做好国际传播工作指明了前进方向、提供了根本遵循
1216,4,0.5561,新时代以来，在习近平文化思想科学指引下，我们大力推动国际传播守正创新，理顺内宣外宣体制，打造具有国际影响力的媒体集群，积极推动中华文化走出去，有效开展国际舆论引导和舆论斗争，初步构建起多主体、立体式的大外宣格局
1217,1,0.9943,要进一步调整思路，强化对外传播跨部门协调机制，建立对外传播线索引导、组织策划、用户需求、报道反馈、政策要求等方面的信息共享平台；加强国际传播智库建设，加强理论研究，培养适应新时代国际传播需要的专门人才；推动各级领导干部、各地区各部门各方面共同做好对外传播工作，带动广大社会成员自觉参与对外传播和国家形象建设，形成国际传播大格局
1218,3,0.9945,习近平主席就未来中巴关系发展提出4方面建议，强调“命运与共，不断巩固战略互信”“发展与共，持续深化发展战略对接”“担当与共，为维护世界和平和正义展现中巴力量”“休戚与共，为构建人类命运共同体作出中巴贡献”，进一步丰富了新时代中巴关系的内涵，体现了中方愿同巴方做相互成就的“黄金搭档”，朝着构建人类命运共同体、构建更公正世界和更可持续星球的目标不断迈进，为人类和平和进步事业作出更大贡献的诚意和决心
1219,2,0.3835,两国联合发表了关于政治解决乌克兰危机的“六点共识”，会同有关全球南方国家发起乌克兰危机“和平之友”小组，为全面、公正、持久解决巴勒斯坦问题不懈努力，共同发出要发展不要贫穷、要合作不要对抗、要公正不要霸权的新时代强音
1220,3,0.99,中方愿同巴方一道，以人类前途为怀、以人民福祉为念，不断丰富新时代中巴关系内涵，做相互成就的“黄金搭档”，朝着构建人类命运共同体、构建更公正世界和更可持续星球的目标不断迈进，为人类和平和进步事业作出更大贡献
1221,3,0.6277,习近平指出，10年前，我在巴西利亚同拉美和加勒比国家领导人共同宣布成立中拉论坛，推动中拉关系进入了平等、互利、创新、开放、惠民的新时代
1222,3,0.99,中方愿同巴方一道，以人类前途为怀、以人民福祉为念，不断丰富新时代中巴关系内涵，做相互成就的“黄金搭档”，朝着构建人类命运共同体、构建更公正世界和更可持续星球的目标不断迈进，为人类和平和进步事业作出更大贡献
1223,3,0.6276,习近平指出，10年前，我在巴西利亚同拉美和加勒比国家领导人共同宣布成立中拉论坛，推动中拉关系进入了平等、互利、创新、开放、惠民的新时代
1224,2,0.9913,他表示，做好新时代港澳台海外联谊工作，要以习近平新时代中国特色社会主义思想为指导，坚持大团结大联合，坚持高举爱国主义旗帜，坚持发挥港澳台和海外统战工作争取人心的作用，形成全体中华儿女心往一处想、劲往一处使的生动局面，为推进中国式现代化广泛凝聚人心、凝聚共识、凝聚智慧、凝聚力量
1225,1,0.7848,进入新时代，在以习近平同志为核心的中共中央坚强领导下，党和国家事业取得历史性成就、发生历史性变革，全面建成小康社会，实现第一个百年奋斗目标，开启全面建设社会主义现代化国家新征程，中华民族伟大复兴展现出前所未有的光明前景
1226,2,0.9601,习近平主席将它形容为“一条新时代亚拉陆海新通道的诞生”
1227,4,0.9257,新时代高水平开放促进高质量发展
1228,2,0.9913,他表示，做好新时代港澳台海外联谊工作，要以习近平新时代中国特色社会主义思想为指导，坚持大团结大联合，坚持高举爱国主义旗帜，坚持发挥港澳台和海外统战工作争取人心的作用，形成全体中华儿女心往一处想、劲往一处使的生动局面，为推进中国式现代化广泛凝聚人心、凝聚共识、凝聚智慧、凝聚力量
1229,1,0.7848,进入新时代，在以习近平同志为核心的中共中央坚强领导下，党和国家事业取得历史性成就、发生历史性变革，全面建成小康社会，实现第一个百年奋斗目标，开启全面建设社会主义现代化国家新征程，中华民族伟大复兴展现出前所未有的光明前景
1230,4,0.8117,党的十八大以来，习近平总书记引领全面深化改革向纵深推进的同时，始终坚定不移扩大高水平对外开放，在统筹推进深层次改革和高水平开放中不断深化新时代我们党做好经济工作的规律性认识，更好地把制度优势转化为国家治理效能，为推动高质量发展、推进中国式现代化持续注入强劲动力、指明前行方向
1231,4,0.9713,新时代全面深化改革之所以取得历史性伟大成就，改革和开放相辅相成、相互促进是重要原因
1232,4,0.843,2023年中央经济工作会议，明确将“必须坚持依靠改革开放增强发展内生动力，统筹推进深层次改革和高水平开放，不断解放和发展社会生产力、激发和增强社会活力”列为新时代做好经济工作的规律性认识之一
1233,3,0.5067,"今天的中国大地上，改革与开放彼此激荡，铺展出新时代高质量发展的壮丽画卷：
经济总量从2012年的53.9万亿元攀升至2023年的逾126万亿元，制造业总体规模连续14年位居全球第一，5G通信领跑全球，国产大飞机实现商飞，区域重大战略高质量推进，雄安新区拔节生长，海南自由贸易港扬帆起航……
大潮奔涌，改革开放又到继往开来的历史关头"
1234,4,0.6491,从商品和要素流动型开放，到规则、规制、管理、标准等制度型开放——新时代的中国，正在以更高水平开放的姿态拥抱世界
1235,3,0.9838,习近平主席出席会议并发表题为《共担时代责任  共促亚太发展》的重要讲话，就推动构建亚太命运共同体，努力开创亚太发展新时代阐明中方主张
1236,2,0.3749,“梦想”号参研参建单位成员及海洋界、科技界人士深受鼓舞，大家表示，习近平总书记的贺信为新时代新征程我国深海事业发展指明了前进方向、提供了根本遵循，要牢记嘱托，再接再厉，用好“梦想”号这一重大科技装置，为推进中国式现代化、推动构建人类命运共同体作出更大贡献
1237,2,0.938,新时代，一系列国之重器走向深海
1238,2,0.9844,“总书记提到‘发扬开拓创新、团结协作、攻坚克难、勇攀高峰的精神’，激励着我们要以新时代中国科技人员的自信自强和使命担当，持续攻关关键技术，推进深海事业发展迈上新台阶
1239,2,0.9863,你们发挥新型举国体制优势，发扬开拓创新、团结协作、攻坚克难、勇攀高峰的精神，攻克了多项世界级技术难题，充分展现了新时代中国科技人员的自信自强和使命担当
1240,2,0.9863,你们发挥新型举国体制优势，发扬开拓创新、团结协作、攻坚克难、勇攀高峰的精神，攻克了多项世界级技术难题，充分展现了新时代中国科技人员的自信自强和使命担当
1241,0,0.9814,他指出，习近平总书记重要贺信为新时代新征程我国深海事业发展指明了前进方向、提供了根本遵循
1242,2,0.9863,你们发挥新型举国体制优势，发扬开拓创新、团结协作、攻坚克难、勇攀高峰的精神，攻克了多项世界级技术难题，充分展现了新时代中国科技人员的自信自强和使命担当
1243,2,0.9863,你们发挥新型举国体制优势，发扬开拓创新、团结协作、攻坚克难、勇攀高峰的精神，攻克了多项世界级技术难题，充分展现了新时代中国科技人员的自信自强和使命担当
1244,0,0.9814,他指出，习近平总书记重要贺信为新时代新征程我国深海事业发展指明了前进方向、提供了根本遵循
1245,3,0.9725,我们要弘扬中秘传统友谊，拓展深化各领域互利合作，赋予其新时代的内涵
1246,2,0.9808,“‘从钱凯到上海’，我们正在见证的，不仅是共建‘一带一路’倡议在秘鲁的生根开花，也是一条新时代亚拉陆海新通道的诞生
1247,3,0.6214,博鲁阿尔特总统表示，“从钱凯到上海”，这条“新时代的印加古道”将架设起两大文明古国交融之桥、两个友好民族友谊深化之桥
1248,4,0.9801,新时代以来，以新发展理念为战略指引，以绿色低碳智能产品满足人民多样化需求，新能源汽车有力推动实体经济迈上绿色低碳发展之路
1249,3,0.9725,我们要弘扬中秘传统友谊，拓展深化各领域互利合作，赋予其新时代的内涵
1250,2,0.9857,钱凯港的建成有助于秘鲁构建从沿海到内陆、从秘鲁到拉美和加勒比其他国家的立体、多元、高效互联互通格局，打造以钱凯港为起点的“新时代的印加古道”，带动拉美和加勒比地区整体发展和一体化建设
1251,3,0.9725,我们要弘扬中秘传统友谊，拓展深化各领域互利合作，赋予其新时代的内涵
1252,2,0.9857,钱凯港的建成有助于秘鲁构建从沿海到内陆、从秘鲁到拉美和加勒比其他国家的立体、多元、高效互联互通格局，打造以钱凯港为起点的“新时代的印加古道”，带动拉美和加勒比地区整体发展和一体化建设
1253,1,0.9929,新时代新征程，我们要站在以中国式现代化全面推进强国建设、民族复兴伟业的高度，全面把握“国家安全是中国式现代化行稳致远的重要基础”这一论断的重大意义，以更为强烈的政治自觉、思想自觉、行动自觉推进国家安全体系和能力现代化、建设更高水平平安中国，确保中国式现代化行稳致远
1254,1,0.8378,这一重大论断将国家安全置于新时代新征程党和国家中心任务的大视野下来审视，使国家安全的理论和实践都紧紧围绕中国式现代化来展开，必将在国家安全领域涌现出更多与中国式现代化相联系的理论创新
1255,1,0.9929,新时代新征程，我们要站在以中国式现代化全面推进强国建设、民族复兴伟业的高度，全面把握“国家安全是中国式现代化行稳致远的重要基础”这一论断的重大意义，以更为强烈的政治自觉、思想自觉、行动自觉推进国家安全体系和能力现代化、建设更高水平平安中国，确保中国式现代化行稳致远
1256,1,0.8378,这一重大论断将国家安全置于新时代新征程党和国家中心任务的大视野下来审视，使国家安全的理论和实践都紧紧围绕中国式现代化来展开，必将在国家安全领域涌现出更多与中国式现代化相联系的理论创新
1257,4,0.56,日前，由中共北京市委宣传部和中共北京市委党史研究室、市地方志编纂委员会办公室、北京红色文化研究会指导，香山革命纪念馆、北京市香山公园管理处联合承办的“新时代赶考之路与中国式现代化——第五届香山革命历史与文化理论研讨会”成功举办
1258,2,0.9807,"走好新时代赶考之路
黄一兵
75年前，在中国革命胜利前夕，香山作为中共中央所在地，见证了毛泽东等老一辈革命家运筹帷幄、指点江山的豪情壮志，也见证了中国共产党人团结各界人士凝心聚力描绘新中国宏伟蓝图的艰辛和荣耀"
1259,0,0.5461,新征程上，深刻把握“新时代赶考之路与中国式现代化”之间的关系，对于我们看清来时的路、走好脚下的路、坚定前行的路，具有重要启示意义
1260,0,0.6534,以高度的理论自觉走好新时代赶考之路
1261,0,0.9921,新征程上，必须坚持不懈用习近平新时代中国特色社会主义思想凝心铸魂，真正把马克思主义看家本领学到手，以思想高度统一确保政治统一、行动统一，全面提升与推进中国式现代化相适应的政治能力、领导能力、工作能力，始终以锐意进取、迎难而上的奋斗姿态奋进新征程、建功新时代
1262,2,0.5532,以伟大的团结奋斗走好新时代赶考之路
1263,2,0.5415,以彻底的革命精神走好新时代赶考之路
1264,4,0.6953,新征程上，必须继续发扬彻底的革命精神，永远保持赶考的清醒和谨慎，驰而不息推进全面从严治党，在伟大自我革命中不断焕发新的蓬勃生机，始终成为中国人民最可靠、最坚强的主心骨，以新时代党的自我革命引领新的伟大社会革命
1265,4,0.9713,进入新时代，习近平总书记深刻指出“党面临的‘赶考’还远未结束”，庄严宣告“赶考永远在路上”
1266,2,0.9857,"（作者为北京市委宣传部一级巡视员）
毛泽东对中国式现代化的探索与贡献
张树军
习近平总书记指出：“以中国式现代化全面推进强国建设、民族复兴伟业，是全党全国各族人民在新时代新征程的中心任务"
1267,4,0.6734,"（作者为安徽日报报业集团副总编辑）
红色文化在新时代赶考路上的价值和功能
王炳林
赶考之路，道阻且长"
1268,4,0.9652,红色文化在新时代赶考路上的价值和功能体现在多个方面
1269,0,0.5338,在时代价值上，红色文化具有守正创新的鲜明特征，能够顺应时代发展，不断丰富和发展自身的内涵，为新时代提供强大的精神动力和文化支撑
1270,1,0.4941,在新的“赶考之路”上，我们必须深刻理解和全面把握“国之大者”的科学内涵，继往开来创造新时代中国特色社会主义新的辉煌
1271,2,0.8269,"（作者为教育部习近平新时代中国特色社会主义思想研究中心特约研究员）
弘扬“赶考”精神 谱写时代新篇
杜飞进
“进京赶考”是毛泽东同志于75年前在与周恩来同志的对话中提出的，集中体现了以毛泽东同志为主要代表的中国共产党人对中国共产党的命运、中国人民的命运和中华民族命运的深邃思考"
1272,2,0.6262,面向新时代新征程，更好推进党和国家事业发展，全党必须牢记“三个务必”，继续推进新时代党的建设新的伟大工程，永葆党的先进性和纯洁性，形成奋进新征程、建功新时代的浓厚氛围和生动局面
1273,1,0.9905,习近平总书记在党的二十大报告中明确提出“从现在起，中国共产党的中心任务就是团结带领全国各族人民全面建成社会主义现代化强国、实现第二个百年奋斗目标，以中国式现代化全面推进中华民族伟大复兴”，从而为中国共产党人明确了新时代新征程的“赶考”考题和奋斗目标
1274,3,0.4987,面对新时代新征程上的新挑战新考验，只有始终保持“赶考”的精神状态，保持头脑清醒、政治坚定，才能顺应时代潮流、增强历史主动，为跳出历史周期率注入强大的思想定力和不竭的精神动力
1275,2,0.7022,在新的历史起点上，弘扬“赶考”历史主动精神，就要以坚定的信念、昂扬的斗志、务实的作风，解放思想、实事求是、守正创新，奋力书写新时代的精彩答卷，不断谱写以中国式现代化全面推进强国建设、民族复兴伟业的壮丽篇章
1276,2,0.9807,"（作者为当代中国研究所副所长、研究员）
打造生动课堂 凝聚奋进力量
阳国利
中国式现代化是新时代赶考之路的重要目标和方向"
1277,1,0.9934,三、印尼热烈祝贺中华人民共和国成立75周年，祝贺中国共产党第二十届中央委员会第三次全体会议胜利召开，高度评价新时代中国取得的伟大成就，认为中国进一步全面深化改革、高水平对外开放将为两国合作和地区国家发展带来新动力、新机遇，相信中国共产党将团结带领全国各族人民全面建成社会主义现代化强国、实现第二个百年奋斗目标，以中国式现代化全面推进中华民族伟大复兴
1278,3,0.8939,"在新时代中国特色大国外交的全局擘画中，在对构建人类命运共同体理念的深入阐释中，习近平主席一再提及“和合共生”：“人类应该和衷共济、和合共生，朝着构建人类命运共同体方向不断迈进，共同创造更加美好未来”“面对共同挑战，任何人任何国家都无法独善其身，人类只有和衷共济、和合共生这一条出路”……
溯历史的源头、循文化的根基，才能辨识当今的中国"
1279,3,0.7685,从70年前首次完整提出和平共处五项原则，到新时代提出构建人类命运共同体重要理念，历史的接力一棒接着一棒向前奔跑
1280,3,0.8393,”2014年7月访问巴西时，习近平主席出席首次中国—拉美和加勒比国家领导人会晤，发表题为《努力构建携手共进的命运共同体》的主旨讲话，首次提出打造中拉命运共同体，为新时代中拉关系发展指明方向
1281,3,0.5038,"”
10年来，在双方共同努力下，中拉关系进入平等、互利、创新、开放、惠民的新时代"
1282,3,0.6917,拉马福萨表示，南中两国拥有特殊亲密关系，前不久习近平主席和我把南中关系定位为新时代全方位战略合作伙伴关系，这必将使两国各领域合作水平更高、程度更深
1283,3,0.982,去年4月，巴西总统卢拉成功对中国进行国事访问，两国元首就引领开辟新时代中巴关系新未来达成一系列重要共识
1284,3,0.6917,拉马福萨表示，南中两国拥有特殊亲密关系，前不久习近平主席和我把南中关系定位为新时代全方位战略合作伙伴关系，这必将使两国各领域合作水平更高、程度更深
1285,3,0.7002,2018年11月5日，国家主席习近平站在全球经济发展进程的高度，以大国领袖的责任担当，盛情邀请各国朋友把握新时代中国发展机遇，深化国际经贸合作，实现共同繁荣进步
1286,4,0.9788,"“新时代，共享未来”
进博会上，新品首发，聚焦前沿，越来越多新产品、新技术、新服务走进中国市场，满足国内消费者品质生活新需求"
1287,2,0.6619,”中国人民大学古典文明研究中心副主任娄林表示，“我们将继续探索中国特色哲学社会科学的人才培养模式，努力培养一批兼通中西之学、明古今之变的新时代栋梁人才
1288,1,0.6276,近日，习近平总书记在中共中央政治局第十七次集体学习时强调，要锚定2035年建成文化强国的战略目标，坚持马克思主义这一根本指导思想，植根博大精深的中华文明，顺应信息技术发展潮流，不断发展具有强大思想引领力、精神凝聚力、价值感召力、国际影响力的新时代中国特色社会主义文化，不断增强人民精神力量，筑牢强国建设、民族复兴的文化根基
1289,0,0.9872,要坚持不懈用习近平新时代中国特色社会主义思想凝心铸魂，在真学真懂真信真用上下功夫，在入脑入心上下功夫，努力掌握蕴含其中的立场观点方法、学懂弄通其中的道理学理哲理，坚持不懈武装头脑、指导实践
1290,0,0.499,（作者系浙江省习近平新时代中国特色社会主义思想研究中心研究员、浙江工商大学马克思主义学院院长）
1291,1,0.8768,"一、深刻理解构建绿色低碳循环发展经济体系的重大意义
以习近平同志为核心的党中央把生态文明建设作为统筹推进“五位一体”总体布局和协调推进“四个全面”战略布局的重要内容，把坚持人与自然和谐共生纳入新时代坚持和发展中国特色社会主义基本方略，把绿色发展作为新发展理念的重要组成部分"
1292,4,0.6926,要坚持以习近平新时代中国特色社会主义思想特别是习近平经济思想为指导，深入贯彻党的二十大和二十届二中、三中全会精神，坚定不移贯彻新发展理念，促进绿色低碳循环发展经济体系建设，使发展建立在高效利用资源、严格保护生态环境、有效控制温室气体排放的基础上，在经济发展中促进绿色转型，在绿色转型中实现更大发展
1293,3,0.6893,中方愿同肯方一道，以两国元首重要共识为指引，始终做彼此信赖的好朋友、好伙伴，在涉及彼此核心利益和重大关切问题上坚定相互支持，推动构建新时代更加紧密的中肯命运共同体
1294,0,0.4301,访问期间，李希介绍了中共二十届三中全会精神以及中国共产党全面从严治党和反腐败工作，表示中共十八大以来，习近平总书记深刻总结新时代全面从严治党丰富实践和重要理论成果，形成了关于党的自我革命的重要思想，为新时代新征程深入推进全面从严治党、党风廉政建设和反腐败斗争提供了根本遵循
1295,3,0.6893,中方愿同肯方一道，以两国元首重要共识为指引，始终做彼此信赖的好朋友、好伙伴，在涉及彼此核心利益和重大关切问题上坚定相互支持，推动构建新时代更加紧密的中肯命运共同体
1296,0,0.4302,访问期间，李希介绍了中共二十届三中全会精神以及中国共产党全面从严治党和反腐败工作，表示中共十八大以来，习近平总书记深刻总结新时代全面从严治党丰富实践和重要理论成果，形成了关于党的自我革命的重要思想，为新时代新征程深入推进全面从严治党、党风廉政建设和反腐败斗争提供了根本遵循
1297,3,0.9078,新时代，共享未来
1298,3,0.9797,今年以来，两国元首两度会晤，就发展新时代全天候全面战略伙伴关系、在更高起点上构建中乌命运共同体达成新的重要共识，指明前进方向
1299,3,0.9725,在两国元首战略引领下，乌中新时代全天候全面战略伙伴关系翻开新的历史篇章
1300,3,0.4708,诞生于中国全面深化改革、扩大开放的新时代大潮中，促进中国和各国经济深度融合，推动普惠包容的经济全球化，习近平主席亲自谋划、亲自提出、亲自部署、亲自推动的这一全球贸易盛会，已成为构建新发展格局的窗口、推动高水平开放的平台、全球共享的国际公共产品
1301,4,0.9713,进入新时代，随着生活水平显著提高，中国人民对美好生活的需求日益呈现多样化、多层次、多方面的新趋势
1302,3,0.6533,"”
习近平主席2013年出访非洲时提出真实亲诚对非政策理念和正确义利观，郑重宣告中非永远做可靠朋友和真诚伙伴，为新时代发展中非友好和中非合作提供重要遵循"
1303,4,0.9756,进入新时代，中国不断全面深化改革，古巴持续推进经济社会模式更新，改革和创新成为两党历届理论研讨会的关键词
1304,3,0.9918,习近平强调，我高度重视中赞关系发展，愿同总统先生一道努力，以两国建交60周年为契机，弘扬传统友好，坚定相互支持，加强全方位合作，在新时代新征程上携手推进各自国家现代化事业，不断夯实中赞全面战略合作伙伴关系，构建更加紧密的中赞命运共同体
1305,3,0.9918,习近平强调，我高度重视中赞关系发展，愿同总统先生一道努力，以两国建交60周年为契机，弘扬传统友好，坚定相互支持，加强全方位合作，在新时代新征程上携手推进各自国家现代化事业，不断夯实中赞全面战略合作伙伴关系，构建更加紧密的中赞命运共同体
1306,3,0.9699,两国携手推进中索战略伙伴关系向前发展，为共筑新时代全天候中非命运共同体贡献力量
1307,2,0.7945,为人民谋幸福、为民族谋复兴，为人类谋进步、为世界谋大同，新时代中国共产党的天下情怀，博大而深厚，源远而流芳
1308,4,0.9812,将六尺巷包含的文化内涵与和谐司法理念融合、与社会治理实际结合，桐城市形成“新时代六尺巷工作法”，调解群众矛盾、推进社会治理
1309,4,0.9223,辽宁沈阳牡丹社区的“三零”工作法，福建明溪县“侨乡枫桥”解纷工作法，新疆福海县“冬不拉”调解法……将“以和为贵”的文化传统转化为社会治理实践，坚持和发展新时代“枫桥经验”，人民调解制度在矛盾纠纷多元化解机制中发挥着基础性作用，成为续写“两大奇迹”新篇章的生动注脚
1310,3,0.983,从70年前“和平共处五项原则的历史答案”，到新时代“构建人类命运共同体这个时代答案”，从和平共处到和合共生，“和”的精神既一脉相承又实现历史跨越
1311,4,0.5555,新时代以来，举办进博会、服贸会、广交会、消博会，连续缩减外资准入负面清单，建设自贸试验区、海南自贸港，欢迎各国人民搭乘中国发展的“快车”“便车”……坚持对外开放的基本国策，坚定奉行互利共赢的开放战略，中国开放的大门越开越大，中国的“朋友圈”越来越大、现代化道路上的“同路人”越来越多
1312,3,0.9627,习近平主席喀山之行，引领谱写人类发展新时代的“金砖华章”
1313,4,0.7404,从世界财富体系的边缘者到全球经济增长的引擎，从国际规则的被动接受者到全球治理的积极参与者——这张“全家福”所昭示的，是一个潮起南方、万象更新的新时代
1314,3,0.9725,在喀山，习近平主席同塞西总统进一步确认：朝着构建面向新时代的中埃命运共同体目标持续迈进
1315,3,0.9809,双方要秉持永久睦邻友好、全面战略协作、互利合作共赢精神，树立新时代新型大国关系的典范
1316,1,0.6792,"新时代国家安全实践为建设更高水平平安中国奠定坚实基础
新时代，平安中国建设取得历史性成就，国家安全得到全面加强，发展安全保障更加有力，为建设更高水平平安中国积累了宝贵经验、奠定了坚实基础"
1317,0,0.5718,习近平总书记从新时代坚持和发展中国特色社会主义的战略高度，把马克思主义国家安全理论和当代中国安全实践、中华优秀传统战略文化结合起来，创造性提出总体国家安全观
1318,0,0.5731,这是中国共产党和中国人民捍卫国家主权、安全、发展利益百年奋斗实践经验和集体智慧的结晶，是马克思主义国家安全理论中国化的最新成果，是习近平新时代中国特色社会主义思想的重要组成部分，为建设更高水平平安中国提供了根本遵循和行动指南
1319,1,0.9931,新时代，以习近平同志为核心的党中央不断完善高效权威的国家安全领导体制，成立中央国家安全委员会，坚定不移贯彻中央国家安全委员会主席负责制，颁布《中国共产党领导国家安全工作条例》《党委（党组）国家安全责任制规定》，从制度上强化党对国家安全工作的绝对领导，推动国家安全工作实现从分散到集中、迟缓到高效、被动到主动的历史性变革
1320,1,0.8098,新时代，以习近平同志为核心的党中央坚持把国家安全同经济社会发展一起谋划、一起部署，既善于运用发展成果夯实国家安全的实力基础，又善于塑造有利于经济社会发展的安全环境，以发展促安全、以安全保发展，不断增强发展的安全性稳定性；坚持统筹推进各领域安全，完善重点领域安全保障体系和重要专项协调指挥体系，实现基础领域、重点领域和新兴领域国家安全协同治理和共同巩固，推动我国的生存力、竞争力、发展力、持续力不断增强
1321,4,0.9801,新时代，以习近平同志为核心的党中央坚持底线思维和极限思维，有效防范化解影响我国现代化进程的重大风险
1322,4,0.9756,要坚持和发展新时代“枫桥经验”，形成问题联治、风险联控、平安联创的局面，确保社会既充满生机活力又保持安定有序
1323,4,0.9489,新时代，习近平总书记强调：“改革不停顿、开放不止步”
1324,4,0.9489,新时代，习近平总书记强调：“改革不停顿、开放不止步”
1325,2,0.6953,"297家世界500强和行业龙头企业参展
“进博会由习近平主席亲自谋划、亲自提出、亲自部署、亲自推动，是中国推动新时代高水平对外开放的重大决策，是中国主动向世界开放市场的重要举措"
1326,4,0.7307,党的二十届三中全会《决定》聚焦建设社会主义文化强国，提出深化文化体制机制改革重大任务，明确改革路径和具体举措，为新时代新征程文化改革发展提供了根本遵循、指明了前进方向
1327,4,0.7344,新时代新征程，我们要聚焦重点领域、关键环节、瓶颈问题，以战略性、引领性改革举措不断深化改革，努力开创新时代宣传思想文化工作新局面
1328,0,0.7046,新时代新征程，我们要全面贯彻习近平新时代中国特色社会主义思想，坚持以习近平文化思想为引领，进一步完善意识形态工作责任制，把意识形态工作的领导权、管理权、话语权都牢牢掌握在党的手中
1329,0,0.9826,在新时代，坚持和巩固马克思主义指导地位，最重要的就是坚持和巩固习近平新时代中国特色社会主义思想指导地位
1330,0,0.9917,要坚持不懈用习近平新时代中国特色社会主义思想凝心铸魂，健全用党的创新理论武装全党、教育人民、指导实践工作体系，完善党委（党组）理论学习中心组学习制度，推动学习贯彻习近平新时代中国特色社会主义思想常态化制度化
1331,0,0.6673,新时代以来，以习近平同志为核心的党中央紧紧抓住信息革命历史机遇，走出一条中国特色治网之道
1332,1,0.3481,新时代以来，我国不断加强和改进对外宣传工作，中华文明传播力影响力大大增强，为塑造我国负责任大国形象、营造有利的外部舆论环境、推动构建人类命运共同体作出了重要贡献
1333,4,0.6845,党的二十届三中全会《决定》聚焦建设社会主义文化强国，提出深化文化体制机制改革重大任务，明确提出“构建更有效力的国际传播体系”的重大举措，为我们在新时代新征程进一步提升国家文化软实力和中华文化影响力明确了路径
1334,0,0.6647,加快构建中国话语和中国叙事体系，要坚持以习近平新时代中国特色社会主义思想为指导
1335,0,0.9872,习近平新时代中国特色社会主义思想是当代中国马克思主义、二十一世纪马克思主义，是中华文化和中国精神的时代精华，也是我们文化主体性的最有力体现
1336,0,0.9769,我们要坚持以习近平新时代中国特色社会主义思想为指导，打造融通中外的新概念、新范畴、新表述
1337,0,0.7978,我们将以习近平新时代中国特色社会主义思想为指导，推动中华优秀传统文化创造性转化、创新性发展，加强同世界不同国家、不同民族、不同文化的交流互鉴，让中华文明更加发扬光大，让人类文明更加绚丽多彩
1338,3,0.6925,建设金砖国家新工业革命伙伴关系创新基地，发起金砖国家加强供应链合作倡议、贸易投资与可持续发展倡议，首次举办应对气候变化高级别会议，宣布设立“中国—金砖国家新时代科创孵化园”，探索建立“金砖国家全球遥感卫星数据与应用合作平台”，共建“金砖国家可持续产业交流合作机制”，探索建立数字教育合作机制……中国行动推动金砖务实合作不断发展
1339,4,0.4375,”在巴西圣保罗州立大学经济与国际研究所协调人马科斯·皮雷斯看来，新时代中国全面深化改革，提出新发展理念，“提升、重塑了全球南方国家对于现代化的思想认知”
1340,0,0.6424,只有进一步提升我国国际传播体系效力、效能，才能向国际社会和各国人民更好地宣介习近平新时代中国特色社会主义思想，让中国故事、中国声音在世界上传得更广，为推动世界各国人民携手开创人类更加美好的未来发挥更大作用
1341,1,0.9905,加强国际传播资源整合和力量统筹，深化主流媒体国际传播机制改革创新，建强适应新时代国际传播需要的专门人才队伍，推动各级领导干部、各地区各部门各方面一起做外宣工作，带动广大社会成员自觉参与国际传播、维护国家尊严形象
1342,2,0.5569,把加强习近平新时代中国特色社会主义思想宣传推介作为重中之重，持续推动习近平总书记大国领袖魅力风采在海外有效传播
1343,3,0.9667,双方将持续深化各领域合作，加快构建新时代更加紧密的中巴命运共同体
1344,0,0.6597,"不断巩固团结奋斗的共同思想政治基础
全国政协常委  刘家义
习近平总书记在庆祝中国人民政治协商会议成立75周年大会上的重要讲话，总结概括了习近平总书记关于加强和改进人民政协工作的重要思想，深刻阐述了全面发展协商民主的重要要求，明确提出了人民政协肩负的政治责任和工作任务，为新时代新征程人民政协事业高质量发展指明了前进方向、提供了根本遵循"
1345,0,0.9836,巩固团结奋斗的共同思想政治基础，必须始终坚持用习近平新时代中国特色社会主义思想武装头脑、统一意志
1346,0,0.7306,全面系统深入学习习近平总书记关于做好新时代党的统一战线工作的重要思想、习近平总书记关于加强和改进人民政协工作的重要思想，始终做到统一思想、统一意志、统一行动，不断增强政协组织的凝聚力向心力
1347,0,0.9814,巩固团结奋斗的共同思想政治基础，必须始终坚持用习近平新时代中国特色社会主义思想校准航标、把牢方向
1348,0,0.9909,准确把握人民政协性质定位，把准政治方向，提高政治站位，落实政治要求，始终坚持以党的旗帜为旗帜、以党的方向为方向，进一步增强做好新时代人民政协工作的政治自觉、思想自觉、行动自觉
1349,0,0.9836,巩固团结奋斗的共同思想政治基础，必须始终坚持用习近平新时代中国特色社会主义思想指导实践、推动工作
1350,0,0.4015,进入新时代，要更加坚定对协商民主的制度自信，把人民政协的显著政治优势更加充分发挥出来，使之在全过程人民民主实践中焕发出更加夺目的光辉
1351,2,0.973,新时代新征程，委员履职“服务为民”活动应当在实践中不断丰富，也一定能在实践中不断发展
1352,3,0.7611,"推动新时代地方政协工作高质量发展
全国政协常委  李龙熙
习近平总书记在庆祝中国人民政治协商会议成立75周年大会上的重要讲话，为新时代新征程人民政协事业高质量发展指明了前进方向、提供了根本遵循"
1353,0,0.5384,提高政治站位，确保新时代地方政协工作沿着正确方向前进
1354,0,0.6707,深入学习习近平新时代中国特色社会主义思想，贯彻落实中共二十大和二十届三中全会精神，强化思想引领，提高政治站位
1355,0,0.9292,"担负起新时代新的文化使命
全国政协常委  蒋建国
习近平文化思想明体达用、体用贯通，为我们担负起新时代新的文化使命提供了强大思想武器"
1356,0,0.7555,思想舆论战线必须坚持以习近平新时代中国特色社会主义思想为指导，生动展现党的创新理论的真理力量与实践伟力，在全媒体场域坚守主阵地、把握主基调、弘扬主旋律，不断巩固全党全军全国各族人民团结奋斗的共同思想基础
1357,0,0.6257,各高校要牢牢把握教育的政治属性、人民属性、战略属性，坚持不懈用习近平新时代中国特色社会主义思想铸魂育人，实施好新时代立德树人工程
1358,0,0.829,"建议：
善用习近平新时代中国特色社会主义思想武装头脑，引导学生坚定理想信念"
1359,0,0.9878,坚持思政课建设与党的创新理论武装同步推进，发挥高校学科和人才优势，推进党的创新理论体系化学理化研究，构建以习近平新时代中国特色社会主义思想为核心内容的课程教材体系
1360,4,0.9611,善用新时代变革伟大成就案例，引导学生听党话跟党走
1361,3,0.5857,冈比亚各界人士高度赞赏非中携手推进现代化、共筑命运共同体的宏伟蓝图，认为习近平主席提出的重大倡议主张既立足实际契合非洲国家的发展需求，又着眼长远为全球南方现代化注入动力，为推进新时代非中合作指明了方向
1362,3,0.99,展望未来，中冈双方将以两国元首达成的重要共识为指引，全面落实2024年中非合作论坛北京峰会成果，在现代化征程上携手前行，不断深化战略伙伴关系，谱写中冈友好新篇章，为共筑新时代全天候中非命运共同体贡献力量
1363,3,0.9886,李强表示，今年7月，习近平主席对塔吉克斯坦成功进行国事访问，两国元首共同宣布将中塔关系提升至新时代全面战略合作伙伴关系，在更高层面构建中塔命运共同体，为中塔关系与合作发展擘画了新蓝图
1364,1,0.9067,三、越方热烈祝贺中华人民共和国成立75周年，热烈祝贺中国共产党第二十届中央委员会第三次全体会议胜利召开，通过《中共中央关于进一步全面深化改革、推进中国式现代化的决定》，提出300多项重要改革举措，支持中方以中国式现代化全面推进强国建设、民族复兴伟业，祝愿并相信在以习近平同志为核心的中共中央坚强领导下，在习近平新时代中国特色社会主义思想指引下，中国党、政府和人民定将全面建成社会主义现代化强国，胜利实现第二个百年奋斗目标
1365,0,0.5864,习近平总书记站在实现中华民族伟大复兴中国梦的战略高度，深刻阐述和科学回答了在新的历史条件下如何繁荣发展社会主义文艺的一系列重大问题，为新时代文艺事业锚定价值航向，擘画宏伟蓝图
1366,0,0.9749,在以习近平同志为核心的党中央引领下，新时代中国文艺百花园气象万千、硕果累累，展现出昂扬自信的时代风貌
1367,0,0.5219,文艺工作座谈会清晰标定新时代文艺的历史方位：“实现‘两个一百年’奋斗目标、实现中华民族伟大复兴的中国梦是长期而艰巨的伟大事业
1368,0,0.9936,"”
党的十八大以来，习近平总书记以高度的历史自觉和坚定的文化自信，深入总结新时代文艺工作面临的新机遇、新挑战、新要求，深刻回答事关社会主义文艺事业发展的方向性、根本性、战略性重大问题，与时俱进推动马克思主义文艺理论中国化、时代化、大众化，将党对文艺工作的认识和实践提升至新的高度，为繁荣发展新时代文艺指明了前进方向、提供了根本遵循"
1369,0,0.947,思想的光芒，照耀新时代中国文艺事业崭新航程
1370,1,0.4905,"波澜壮阔的改革实践中，习近平总书记谋篇布局、把脉问疾，推动建立新时代文艺发展政策体系，一项项关键政策密集推出——
从繁荣发展社会主义文艺、实施中华优秀传统文化传承发展工程等文件发布，到全国性文艺评奖制度改革、加强新时代文艺评论工作等一系列文艺政策出台，破立并举、激浊扬清，山清水秀、百花齐放的文艺生态逐渐形成"
1371,0,0.9909,“希望大家承担记录新时代、书写新时代、讴歌新时代的使命，勇于回答时代课题，从当代中国的伟大创造中发现创作的主题、捕捉创新的灵感，深刻反映我们这个时代的历史巨变，描绘我们这个时代的精神图谱”，习近平总书记深情寄望
1372,4,0.9788,围绕国家重大战略部署，聚焦脱贫攻坚、乡村振兴等主题，一批优秀作家倾情投入新时代农村题材文学创作，一篇篇优秀文学作品为乡土大地史诗般的巨变留下新的篇章
1373,4,0.7649,"沉浸式戏剧带来全新体验，网络文艺精品化发展渐成主流，线上展览、线上演唱会等广受追捧……
勇做时代“弄潮儿”，广大文艺工作者用跟上时代的精品力作努力开拓文艺新境界，向着新时代文艺高峰奋勇攀登"
1374,2,0.9767,2019年7月，习近平总书记在内蒙古考察时指出：“新时代加强精神文明建设，要坚持文艺为人民服务、为社会主义服务的方向，积极支持和推广直接为基层老百姓服务的文艺活动
1375,4,0.9788,进入新时代，伴随经济社会发展，文化供给的主要矛盾从“有没有”转向“好不好”，人们对高质量精神文化产品的需要更加凸显
1376,4,0.8637,这是对德艺双馨老艺术家的充分肯定与赞许，也是对新时代文艺工作者的深情勉励与希冀
1377,2,0.4742,担负起新时代的文化使命，广大文艺工作者满怀豪情，用文艺振奋民族精神
1378,2,0.9767,《我和我的祖国》《长津湖》等国产影片点燃国庆档，《永不消逝的电波》《草原英雄小姐妹》等舞剧、《觉醒年代》《问苍茫》等电视剧广受好评……把爱国主义作为文艺创作的主旋律，近年来，一大批兼具思想深度、艺术高度和精神力度的优秀作品脱颖而出，描绘新时代的精神图谱
1379,0,0.5873,新时代文艺不仅有当代生活的底蕴，也有文化传统的血脉
1380,1,0.5559,电影《长安三万里》、舞蹈诗剧《只此青绿》、电视节目《唐宫夜宴》“圈粉”无数，“诗词热”“文博热”“国潮风”引领潮流……新时代文艺彰显中国特色、中国风格、中国气派
1381,3,0.7058,新时代文艺工作者立足中国、放眼世界，在推动文明交流互鉴、弘扬全人类共同价值、构建人类命运共同体的宏伟事业中，发挥着不可替代的重要作用
1382,0,0.6706,奋进新征程，在以习近平同志为核心的党中央领导下，在习近平文化思想指引下，新时代文艺担负起创造属于我们这个时代的新文化的神圣使命，正在为阔步走向复兴的伟大民族提供源源不竭的精神动力，为世界展现中华文化的绚烂图景，为人类文明进步作出新的更大贡献
1383,1,0.7874,老方热烈祝贺中华人民共和国成立75周年，热烈祝贺中国共产党第二十届中央委员会第三次全体会议胜利召开，高度评价新时代中国取得的伟大成就，支持中方以中国式现代化全面推进强国建设、民族复兴伟业
1384,4,0.6346,新时代新征程，我们将把美丽中国建设摆在强国建设、民族复兴的突出位置，坚定不移走生产发展、生活富裕、生态良好的文明发展道路
1385,3,0.9909,王毅表示，习近平主席今天上午发表重要讲话，明确指出人民是历史的创造者，构建人类命运共同体是世界各国人民前途所在，深刻阐释了以“同球共济”的精神、合作共赢的理念、开放包容的胸襟，携手推动构建人类命运共同体的中国主张，为新时代新征程中国民间外交指明前进方向
1386,2,0.5437,新时代新征程，中国红十字会要坚持党的全面领导，聚焦高质量发展，进一步深化改革创新，增强政治性、先进性、群众性，加强公信力建设，提高人道服务能力，积极参与和支持国际人道主义事业，为以中国式现代化全面推进强国建设、民族复兴伟业和促进人类和平与进步事业作出新的更大贡献
1387,2,0.6961,坚定法治自信，积极阐释中国特色涉外法治理念、主张和成功实践，讲好新时代中国法治故事
1388,0,0.5809,新时代以来，面对“建设一个什么样的世界、如何建设这个世界”的重大课题，中国给出了构建人类命运共同体这个时代答案
1389,3,0.61,其中，既有其他国家和世界格局对中国共产党的影响，也有中国共产党对他国或世界的认知和作为，特别是新时代以来，以习近平同志为核心的党中央提出构建人类命运共同体、三大全球倡议等，充分体现了中国共产党人的天下情怀和世界担当
1390,0,0.9926,习近平文化思想明体达用、体用贯通，标志着我们党对社会主义文化建设规律的认识达到了新高度，表明我们党的历史自信、文化自信达到了新高度，为做好新时代新征程宣传思想文化工作、担负起新的文化使命提供了强大思想武器和科学行动指南
1391,0,0.9917,一年来，在以习近平同志为核心的党中央坚强领导下，在习近平文化思想科学指引下，中华优秀传统文化、革命文化、社会主义先进文化在新时代伟大实践中融汇激荡，为党和国家事业发展提供了坚强思想保证和强大精神动力
1392,4,0.5101,"发挥文化功效，习近平总书记以强烈的文化自觉与历史担当，将其融入治国理政的伟大实践：
建设金融强国，提出“积极培育中国特色金融文化”，阐明“以义取利，不唯利是图”等五方面实践要求，为金融高质量发展注入文化涵养；
推进依法治国，强调“积极推动中华优秀传统法律文化创造性转化、创新性发展”，为推进中国式现代化增添法治动力；
围绕党的建设，明确“加强新时代廉洁文化建设”，推动形成以文养廉的浓厚氛围"
1393,2,0.9644,一枚枚勋章奖章，铭记着不可磨灭的功勋，鼓舞着新时代奋斗者前行的脚步，凝聚起全社会建功立业、昂扬奋进的精神力量
1394,4,0.9756,巴黎奥运会上，中国体育代表团取得了我国参加夏季奥运会境外参赛历史最好成绩，实现了比赛成绩和精神文明双丰收，一个自信开放的新时代中国呈现在世人眼前
1395,4,0.532,着眼推动精品文艺创作，影视剧《热辣滚烫》《我的阿勒泰》、京剧《纳土归宋》、话剧《苏堤春晓》等生动展现新时代精神气象与传统文化之美
1396,3,0.572,今天，带着坚定的历史主动和广阔的全球视野，“人类文明新形态”为人类社会发展描绘出文明新篇章，万千气象展现在新时代的宏阔舞台上
1397,0,0.563,立足强国建设、民族复兴的战略高度，着眼赓续中华文脉、推动文化繁荣的重大使命，《决定》提出深化文化体制机制改革重大任务，为新时代新征程文化改革发展提供了根本遵循、指明了前进方向
1398,0,0.6151,要加快构建中国话语和中国叙事体系，着力打造融通中外的新概念、新范畴、新表述，讲好新时代中国故事，不断提升国家文化软实力和中华文化影响力，以真正在国际文化激荡中站稳脚跟
1399,3,0.8236,新时代以来，中国践行共商共建共享的全球治理观，为全球治理体系变革完善提供方案、注入动力，携手国际社会共迎挑战、共创未来，朝着构建人类命运共同体的光明目标不断迈进
1400,3,0.9893,新时代以来，以推动构建人类命运共同体为行动方向，中国先后提出共建“一带一路”倡议、全球发展倡议、全球安全倡议、全球文明倡议等，为因应时代挑战凝聚广泛共识，提供合作平台
1401,3,0.9782,“阿中智库联盟建设有助于双方构建更广维度的人文交流格局，为构建面向新时代的阿中命运共同体贡献智慧和力量
1402,0,0.9866,习近平文化思想，是新时代党领导文化建设实践经验的理论总结，丰富和发展了马克思主义文化理论，构成了习近平新时代中国特色社会主义思想的文化篇
1403,0,0.9926,习近平文化思想，标志着我们党对中国特色社会主义文化建设规律的认识达到了新高度，表明我们党的历史自信、文化自信达到了新高度，为做好新时代新征程宣传思想文化工作、担负起新的文化使命提供了强大思想武器和科学行动指南
1404,0,0.9899,深刻总结百余年来党领导文化建设的历史探索以及新时代宣传思想文化工作实践经验，习近平总书记创造性提出了一系列新思想新观点新论断，高举起新时代中国共产党的文化旗帜
1405,0,0.9883,在纪念邓小平同志诞辰120周年座谈会上，习近平总书记强调：“全面推进中国式现代化，为中国特色社会主义事业发展打开了广阔空间，也为新时代新征程党的理论创新提供了丰厚土壤
1406,0,0.7687,"总书记考察调研的脚步不停，深邃缜密的思考不断——
在上海，总书记强调，坚持不懈用新时代中国特色社会主义思想凝心铸魂，广泛践行社会主义核心价值观，巩固马克思主义在意识形态领域的指导地位；
在山东，总书记强调，要坚定文化自信，深入挖掘中华优秀传统文化精华，坚持创造性转化、创新性发展；
在全面推动黄河流域生态保护和高质量发展座谈会上，总书记强调，黄河流域是中华民族和中华文明的重要发祥地，要保护弘扬黄河文化，传承好历史文脉和民族根脉"
1407,0,0.9814,”习近平总书记从新时代新征程瞩视中华文明，从中华文明的历史坐标观察中国式现代化，深邃的思想让我们有了更深刻的领悟
1408,0,0.9934,“九个坚持”概括对宣传思想工作的规律性认识、“十四个强调”明确文化建设根本遵循、“七个着力”对宣传思想文化工作提出重要要求……习近平文化思想系统回答了新时代坚持和发展什么样的中国特色社会主义文化、怎样坚持和发展中国特色社会主义文化的重大课题，为中国式现代化提供了思想指引
1409,4,0.5059,一部部文艺精品力作，坚持以人民为中心的工作导向，见证了我国文化事业和文化产业的蓬勃发展，全方位全景式展现了新时代的精神气象
1410,3,0.5589,当大国外交遇上音符跃动，奏响了新时代中国文化对外交往的乐章
1411,4,0.6791,"“不断创造出美丽中国的新篇章”
从提出建设美丽中国的战略目标，到进一步将“坚持人与自然和谐共生”作为新时代坚持和发展中国特色社会主义的基本方略之一，作出加快生态文明体制改革、建设美丽中国的战略部署，再到对推动绿色发展、促进人与自然和谐共生作出重大部署，提出中国发展的总体目标之一是到2035年，广泛形成绿色生产生活方式，碳排放达峰后稳中有降，生态环境根本好转，美丽中国目标基本实现……中国将“美丽中国”纳入全面建成社会主义现代化强国目标，对生态文明建设作出一系列重大战略安排"
1412,3,0.9054,表示南非珍视南中新时代全方位战略合作伙伴关系，期待继续加强各层级合作，为两国人民带来更多互惠成果，共创美好未来
1413,0,0.5145,吉中新时代全面战略伙伴关系达到前所未有的水平
1414,1,0.7456,75年弹指一挥，在两国元首引领下，承载厚重历史和战略内涵的新时代中俄关系持续焕发勃勃生机
1415,4,0.9394,——新时代的中俄关系处于历史最好时期
1416,1,0.9853,面对动荡变革的世界格局，双方作出将《中俄睦邻友好合作条约》延期的战略抉择，作出进一步深化新时代全面战略协作伙伴关系的郑重承诺，在更大范围、更宽领域、更深层次上推进双边关系
1417,4,0.7711,——新时代的中俄合作具有强大内生动力
1418,3,0.9287,——新时代的中俄友谊内涵丰富历久弥新
1419,1,0.863,——新时代的中俄协作守望相助携手并肩
1420,0,0.9613,党的十八大以来，中国特色社会主义进入新时代
1421,0,0.9872,习近平总书记指出：“这个新时代，是承前启后、继往开来、在新的历史条件下继续夺取中国特色社会主义伟大胜利的时代，是决胜全面建成小康社会、进而全面建设社会主义现代化强国的时代”
1422,0,0.9927,特别是党的十八大以来，以习近平同志为主要代表的中国共产党人，坚持把马克思主义基本原理同中国具体实际相结合、同中华优秀传统文化相结合，创立了习近平新时代中国特色社会主义思想，把我们党对建设什么样的社会主义现代化强国、怎样建设社会主义现代化强国的认识提高到新的水平
1423,2,0.6735,新时代，习近平总书记强调建设制造强国、质量强国、航天强国、交通强国、网络强国、农业强国、海洋强国、贸易强国、教育强国、科技强国、人才强国、文化强国、体育强国、金融强国等，体现的正是“全面”的要求，追求的正是富强、民主、文明、和谐、美丽的有机统一
1424,4,0.9652,高质量发展是全面建设社会主义现代化国家的首要任务，是新时代的硬道理
1425,4,0.7606,要加快实现高水平科技自立自强，这是推动高质量发展的必由之路；要加快构建新发展格局，这是推动高质量发展的战略基点；要发展新质生产力，这是推动高质量发展的内在要求和重要着力点……新时代以来，以习近平同志为核心的党中央作出一系列重大决策部署，推动高质量发展成为全党全社会的共识和自觉行动，高质量发展成为主旋律，取得明显成效
1426,0,0.7131,要坚持以习近平新时代中国特色社会主义思想为指导，深刻领悟“两个确立”的决定性意义，坚决做到“两个维护”，紧密团结在以习近平同志为核心的党中央周围，在党的旗帜下团结成“一块坚硬的钢铁”，以中国式现代化全面推进强国建设、民族复兴伟业，把全面建成社会主义现代化强国的宏伟蓝图变为美好现实
1427,1,0.5177,当前，我国正处于以中国式现代化全面推进强国建设、民族复兴伟业的关键时期，国际形势变乱交织、错综复杂，国家之间的竞争较之以往更加激烈，尤其需要我们以科学思想指引前行之路，这一科学思想就是习近平新时代中国特色社会主义思想
1428,0,0.9896,习近平新时代中国特色社会主义思想科学回答了中国之问、世界之问、人民之问、时代之问，以全新视野深化了对共产党执政规律、社会主义建设规律、人类社会发展规律的认识
1429,0,0.6719,坚持以习近平新时代中国特色社会主义思想为指导，我们就能在战略上判断得准确，在战略上谋划得科学，在战略上赢得主动
1430,0,0.9872,党的十八大以来，我们党之所以能够在重大历史关头制定正确的战略，战胜一系列重大风险挑战，就是因为有习近平新时代中国特色社会主义思想科学指引
1431,0,0.9934,广大党员干部必须学深悟透习近平新时代中国特色社会主义思想，特别是要把这一重要思想的世界观、方法论和贯穿其中的立场观点方法转化为自己的科学思想方法，作为研究问题、解决问题的“总钥匙”，在工作中做到善于把握事物本质、把握发展规律、把握工作关键、把握政策尺度，增强工作科学性、预见性、主动性、创造性
1432,0,0.9892,新时代之所以能够发生如此伟大的变革，强国建设、民族复兴伟业之所以能按下“快进键”、跑出“加速度”，根本在于有习近平总书记领航掌舵、有习近平新时代中国特色社会主义思想科学指引
1433,3,0.5878,特别是新时代以来，在我同普京总统共同战略引领下，面对百年未有之大变局，双方政治互信持续加深，务实合作成果显著，世代友好深入人心，为增进两国人民福祉，推动平等有序的世界多极化和普惠包容的经济全球化作出重要贡献
1434,1,0.9847,我相信，双方将全面落实我同习近平主席会晤达成的一系列共识，进一步巩固俄中新时代全面战略协作伙伴关系，促进欧亚大陆及全球安全稳定
1435,3,0.5876,特别是新时代以来，在我同普京总统共同战略引领下，面对百年未有之大变局，双方政治互信持续加深，务实合作成果显著，世代友好深入人心，为增进两国人民福祉，推动平等有序的世界多极化和普惠包容的经济全球化作出重要贡献
1436,1,0.9847,我相信，双方将全面落实我同习近平主席会晤达成的一系列共识，进一步巩固俄中新时代全面战略协作伙伴关系，促进欧亚大陆及全球安全稳定
1437,1,0.9684,俄方珍视俄中睦邻友好，愿进一步巩固俄中新时代全面战略协作伙伴关系
1438,3,0.5137,不断巩固发展朝中传统友谊是朝鲜党和政府的一贯立场，相信朝中友好合作关系必将在新时代进一步巩固发展
1439,0,0.603,坚信在以习近平同志为核心的中共中央英明领导下，在习近平新时代中国特色社会主义思想指引下，中国人民定将胜利实现中共二十大提出的目标任务和发展战略，早日建成富强民主文明和谐美丽的社会主义现代化强国
1440,3,0.982,柬中合作已成为共建“一带一路”的典范，为携手构建高质量、高水平、高标准的新时代柬中命运共同体奠定了坚实基础
1441,1,0.98,在习近平主席高瞻远瞩和英明领导下，中华民族正以势不可挡的步伐迈向现代化，在建设新时代中国特色社会主义道路上不断实现崇高目标
1442,1,0.8324,扩大塔中新时代全面战略合作伙伴关系是塔吉克斯坦对外政策的最重要方向之一，塔方愿落实两国元首达成的重要共识，将塔中睦邻友好关系推向更高水平
1443,3,0.8398,中国是乌友好近邻和经受时间考验的可靠合作伙伴，乌中关系提升至新时代全天候全面战略伙伴关系新高度，为乌发展和地区互利合作注入新动力
1444,3,0.942,塞方愿同中方共同构建新时代塞中命运共同体
1445,0,0.9814,新时代新征程，中国人民必将创造出新的更大辉煌，必将为人类和平和发展的崇高事业作出新的更大贡献
1446,2,0.9836,新时代以来，以习近平同志为核心的党中央团结带领全党全国各族人民，攻克了许多长期没有解决的难题，办成了许多事关长远的大事要事
1447,4,0.9866,第三艘航母“福建号”下水出海、信息支援部队成立、着力构建新时代人民军队思想政治教育体系……改革强军战略深入实施，为如期实现建军一百年奋斗目标、基本实现国防和军队现代化提供有力保障
1448,4,0.9801,国产电影叫好叫座、文旅市场火热出圈、乡村全面振兴扎实有力推进、新时代“枫桥经验”提升基层治理现代化水平——活力的光点跃动在神州大地，聚火成炬、凝光成芒，成为推进中国式现代化的鲜亮注脚
1449,4,0.9788,奋斗永无止境，新时代的伟大成就，是党和人民一道拼出来、干出来、奋斗出来的；新征程上，撸起袖子加油干、越是艰险越向前，中国人民一定能，中国一定行
1450,2,0.973,“以中国式现代化全面推进强国建设、民族复兴，是新时代新征程党和国家的中心任务
1451,0,0.9887,"”
在新时代新征程上创造出新的更大辉煌
“我们坚信，创造了五千多年辉煌文明的中华民族，必将在新时代新征程上创造出新的更大辉煌，必将为人类和平和发展的崇高事业作出新的更大贡献"
1452,2,0.973,以中国式现代化全面推进强国建设、民族复兴，是新时代新征程党和国家的中心任务
1453,0,0.986,我们坚信，创造了五千多年辉煌文明的中华民族，必将在新时代新征程上创造出新的更大辉煌，必将为人类和平和发展的崇高事业作出新的更大贡献
1454,0,0.9931,在新中国成立特别是改革开放以来长期探索和实践基础上，经过十八大以来在理论和实践上的创新突破，我们党成功推进和拓展了中国式现代化，创造了新时代中国特色社会主义的伟大成就，为强国建设、民族复兴伟业提供了更为完善的制度保证、更为坚实的物质基础、更为主动的精神力量
1455,1,0.9888,招待会上，习近平总书记着眼于实现新时代新征程党和国家的中心任务，进一步明确了推进中国式现代化的战略要求，强调“必须坚持中国共产党领导”“必须坚持中国特色社会主义道路”“必须坚持以人民为中心”“必须坚持走和平发展道路”
1456,0,0.9853,这“四个必须坚持”充分彰显了新时代中国共产党人的战略定力和历史主动，为把中国式现代化这一前无古人的伟大事业不断推向前进提供了遵循
1457,0,0.9906,有以习近平同志为核心的党中央坚强领导，有习近平新时代中国特色社会主义思想的科学指引，有14亿多中国人民顽强拼搏、团结奋斗，中国式现代化建设一定能披荆斩棘、一往无前，中华民族伟大复兴的梦想一定能变为现实
1458,2,0.973,“以中国式现代化全面推进强国建设、民族复兴，是新时代新征程党和国家的中心任务
1459,0,0.9887,"”
在新时代新征程上创造出新的更大辉煌
“我们坚信，创造了五千多年辉煌文明的中华民族，必将在新时代新征程上创造出新的更大辉煌，必将为人类和平和发展的崇高事业作出新的更大贡献"
1460,1,0.8249,在筚路蓝缕中奋起，在改革开放中奋进，在新时代大潮中奋楫，我们创造了“两大奇迹”，迎来了从站起来、富起来到强起来的伟大飞跃，迎来了从落后时代、赶上时代再到引领时代的伟大跨越
1461,0,0.9878,“两个确立”是新时代引领党和国家事业从胜利走向新的胜利的政治保证，对于我们应对各种风险挑战、推进中国式现代化建设具有决定性意义
1462,0,0.7383,让我们更加紧密地团结在以习近平同志为核心的党中央周围，全面贯彻习近平新时代中国特色社会主义思想，深刻领悟“两个确立”的决定性意义，增强“四个意识”、坚定“四个自信”、做到“两个维护”，以永不懈怠的精神状态、一往无前的奋斗姿态，凝心聚力、奋发进取，为以中国式现代化全面推进强国建设、民族复兴伟业而团结奋斗
1463,0,0.9814,新时代新征程，中国人民必将创造出新的更大辉煌，必将为人类和平和发展的崇高事业作出新的更大贡献
1464,2,0.9767,习近平指出，以中国式现代化全面推进强国建设、民族复兴，是新时代新征程党和国家的中心任务
1465,2,0.973,以中国式现代化全面推进强国建设、民族复兴，是新时代新征程党和国家的中心任务
1466,0,0.986,我们坚信，创造了五千多年辉煌文明的中华民族，必将在新时代新征程上创造出新的更大辉煌，必将为人类和平和发展的崇高事业作出新的更大贡献
1467,0,0.9814,新时代新征程，中国人民必将创造出新的更大辉煌，必将为人类和平和发展的崇高事业作出新的更大贡献
1468,2,0.9767,习近平指出，以中国式现代化全面推进强国建设、民族复兴，是新时代新征程党和国家的中心任务
1469,3,0.9576,"（一）
走过昨天，新中国沧桑巨变、换了人间；走在今天，新时代日新月异、生机勃发；走向明天，新征程任重道远、前途光明"
1470,0,0.8029,新时代以来，我国相继攻克了特大桥梁、长大隧道、快速成岛、特殊地质公路等方面的世界性难题，摘取了一系列高速公路“世界之最”，中国路、中国桥、中国隧等成为闪亮的“中国名片”
1471,4,0.3647,"今日中国，港珠澳大桥勇创世界一流，长三角G60科创走廊汇聚创新要素，安徽“量子大道”见证并跑变领跑，新疆和若铁路打造沙漠幸福路，千年丝绸之路焕发新的时代光彩……
向上攀登的路，向前奋进的路，连接起新时代发展的万千气象，编织出美好生活的锦绣画卷；在滚石上山、爬坡过坎中开辟新路，在逢山开路、遇水架桥中筑就通途，新时代的每一天都在抵达新的远方"
1472,0,0.9826,在这一进程中，我们党坚持“两个结合”，创立了习近平新时代中国特色社会主义思想，为中国式现代化提供了根本遵循
1473,2,0.9767,在筚路蓝缕中奋起，在改革开放中奋进，在新时代大潮中奋楫，实践充分证明，中国式现代化是强国建设、民族复兴的康庄大道，必将越走越宽广
1474,4,0.7178,"“嫦娥”揽月，“天和”驻空，“天问”探火，“地壳一号”挺进地球深处，“奋斗者”号探秘万米深海，5G通信领跑全球，造更薄的钢、更大的屏、更强的芯片、更优的数控机床；
集成电路、人工智能等新兴产业蓬勃发展，国产大飞机实现商飞，高铁技术树起国际标杆，商业航天、低空经济等加速起飞……
新时代以来，牵住科技创新这个“牛鼻子”，创新动力、发展活力勃发奔涌，新质生产力加快形成，展示出对高质量发展的强劲推动力、支撑力"
1475,2,0.6145,从蒙内铁路，到莫桑比克马普托跨海大桥，再到喀麦隆克里比深水港、赞比亚下凯富峡水电站……新时代以来，随着高质量共建“一带一路”扎实推进，诸多“发展路”“梦想桥”“繁荣港”，打通了非洲大陆互联互通的动脉
1476,4,0.4036,"新时代以来，实现近1亿农村贫困人口全部脱贫，为全球减贫事业作出了重大贡献；对世界经济增长贡献率多年来保持在30%左右，有力推进了全球发展事业；连续举办进博会、服贸会、消博会，不断以中国新发展为世界提供新机遇……
既造福中国人民，又促进世界各国现代化，中国式现代化是走和平发展道路的现代化，将为维护世界和平、促进共同发展注入新动力"
1477,3,0.5128,当年，面对热战的惨痛浩劫和冷战的分裂对峙，新生的中华人民共和国给出了和平共处五项原则的历史答案；而今，面对“建设一个什么样的世界、如何建设这个世界”的重大课题，新时代中国给出了构建人类命运共同体这个时代答案
1478,2,0.6725,辛勤劳作的农民，埋头苦干的工人，敢闯敢拼的创业者，保家卫国的子弟兵……各行各业的人们都挥洒汗水、一往无前，汇成奋进新征程、建功新时代的壮阔洪流
1479,0,0.4574,党的十八大以来，以习近平同志为核心的党中央团结带领全党全国各族人民自信自强、守正创新，推动中国特色社会主义进入了新时代，推动我国迈上了全面建设社会主义现代化国家新征程，引领新时代成为崇尚英雄、成就英雄、英雄辈出的时代
1480,2,0.6737,以只争朝夕的历史主动、主人翁的责任担当，锐意进取、迎难而上，追求卓越、精益求精，在平凡岗位上创造不平凡的业绩，在破解发展难题、攻克改革难关、维护社会和谐稳定上不断有所作为，定能汇聚成新时代中国昂扬奋进的洪流
1481,4,0.7266,2019年，中共中央、国务院印发《新时代爱国主义教育实施纲要》，阐明爱国主义的科学内涵、本质特征、时代要求和实践要求，对新时代爱国主义教育作出全面部署
1482,2,0.9946,"从纪念中国人民抗日战争暨世界反法西斯战争胜利70周年，到举办新中国成立70周年盛典，再到召开庆祝中国共产党成立100周年大会，一次次重大活动气势恢弘、震撼人心；
五四运动100周年、中国人民志愿军抗美援朝出国作战70周年、辛亥革命110周年，一场场纪念大会启迪未来、激发斗志；
在博物馆中溯古观今，沿着红色足迹感悟斗争历程……一处处爱国主义教育基地跨越时空、展现自信；
深入推进大中小学思想政治教育一体化建设，构建以习近平新时代中国特色社会主义思想为核心内容的课程教材体系，讲好新时代故事，一堂堂思政课守正创新、入脑入心；
…………
人民有信仰，国家有力量，民族有希望"
1483,0,0.8494,"”
中国特色社会主义进入新时代，以习近平同志为核心的党中央统揽伟大斗争、伟大工程、伟大事业、伟大梦想，对党和国家事业发展作出科学完整的战略部署，推动党和国家事业取得历史性成就、发生历史性变革，进一步激发了全体人民爱党、爱国、爱社会主义的巨大热情"
1484,2,0.9562,"”
从制造强国、航天强国、交通强国，到科技强国、教育强国、人才强国，再到文化强国、海洋强国、金融强国，新时代一系列强国建设目标令人鼓舞，催人奋进"
1485,2,0.7976,新时代的中国，大力弘扬以伟大建党精神为源头的中国共产党人精神谱系，着力培育和践行社会主义核心价值观，“文博热”“文创风”“观影潮”悄然兴起，文化事业和文化产业日益繁荣，中国人民的文化自信更加高涨，精神风貌为之一新
1486,2,0.6607,"实践报国之行——
“新时代更需要继承发扬以国家民族命运为己任的爱国主义精神”
“向科学进军，建设大西北"
1487,2,0.9827,习近平总书记指出“西迁精神”的核心是爱国主义，勉励广大师生大力弘扬“西迁精神”，抓住新时代新机遇，到祖国最需要的地方建功立业，在新征程上创造属于我们这代人的历史功绩
1488,2,0.9827,"”
党的十八大以来，在爱国主义旗帜下，亿万人民增强历史主动、发扬斗争精神，知难而进、迎难而上，奋力奔跑、逐梦圆梦，凝聚起奋进新征程、建功新时代的磅礴力量"
1489,4,0.7103,英雄是民族最闪亮的坐标，新时代是崇尚英雄、成就英雄、英雄辈出的时代
1490,4,0.9558,"”
深藏功名、默默奉献的张富清，忠诚使命、英勇无畏的杜富国，“守岛就是守国”的王继才，“燃灯校长”张桂梅，脱贫攻坚战场上坚守太行山的“新愚公”李保国，抗击新冠疫情中临危受命、逆行出征的钟南山……他们的名字和功绩铭刻在新时代丰碑上"
1491,0,0.9749,习近平总书记强调：“全党全国各族人民要像英雄模范那样坚守、像英雄模范那样奋斗，共同谱写新时代人民共和国的壮丽凯歌
1492,4,0.9558,新时代的伟大成就是党和人民一道拼出来、干出来、奋斗出来的
1493,0,0.7304,党的十八大以来，有习近平总书记作为党中央的核心、全党的核心领航掌舵，有习近平新时代中国特色社会主义思想科学指引，全党高度团结统一、步调一致，把14亿多中国人民紧紧凝聚在一起，稳经济、促发展，战贫困、建小康，控疫情、抗大灾，应变局、化危机，攻克了一个个看似不可攻克的难关险阻，创造了一个个令人刮目相看的人间奇迹
1494,0,0.9158,新时代，中国人的志气、骨气、底气大大增强，自尊心、自豪感空前提升
1495,1,0.9755,从一穷二白到稳居世界第二大经济体，中国特色社会主义进入了新时代，实现中华民族伟大复兴进入了不可逆转的历史进程
1496,3,0.5757,以大时代观之，我们所处的新时代，是“在新的考验和挑战中创造光明未来的时代”
1497,4,0.9257,“民亦劳止，汔可小康”，《诗经》里的千古吟唱，在新时代变成现实
1498,0,0.9553,新时代的中国，每一天都在书写奇迹、创造历史
1499,2,0.9678,拥有伟大梦想精神的中国人民，一棒接着一棒跑，汇聚成昂扬奋进的新时代洪流
1500,4,0.9881,建设体育强国，推动全民健身，在巴黎奥运会取得境外参赛最好成绩；建设健康中国，推进全民健康，我国人均预期寿命提高到78.6岁……综合国力与民生福祉相生相长，新时代中国力量充分彰显，亿万人民更加自信
1501,2,0.9843,脱贫攻坚精神照亮山乡巨变，探月精神熔铸于勇攀科技高峰，获得“共和国勋章”和国家荣誉称号的功勋模范人物展现忠诚、执着、朴实的精神品格……中华民族精神和时代精神交相辉映，新时代中国精神奋发昂扬，亿万人民更加自立
1502,2,0.8802,从北京冬奥会发出“一起向未来”的时代强音，到讲述中国扶贫故事的电视剧《山海情》热播海外……传承五千多年中华文明，新时代中国形象可信可爱可敬，亿万人民更加自强
1503,3,0.9782,中非携手共逐现代化之梦，共筑新时代全天候中非命运共同体，标注下构建人类命运共同体的“全球南方时刻”
1504,0,0.9892,实践充分表明，“两个确立”是新时代引领党和国家事业从胜利走向新的胜利的政治保证，对于我们应对各种风险挑战、推进中国式现代化建设具有决定性意义
1505,2,0.9886,他表示，要坚持以习近平新时代中国特色社会主义思想为指导，坚持大团结大联合，巩固和发展最广泛的爱国统一战线，形成全体中华儿女心往一处想、劲往一处使的生动局面，为推进中国式现代化广泛凝聚人心、凝聚共识、凝聚智慧、凝聚力量
1506,1,0.5882,新时代以来，在以习近平同志为核心的中共中央坚强领导下，党和国家事业取得历史性成就、发生历史性变革，我国迈上全面建设社会主义现代化国家新征程，中华民族伟大复兴展现出前所未有的光明前景
1507,1,0.988,我们将坚持贯彻新时代党解决台湾问题的总体方略，坚持一个中国原则和“九二共识”，推动两岸关系和平发展，深化两岸各领域融合发展，坚决反对“台独”分裂和外部势力干涉，坚定不移推进祖国统一大业
1508,1,0.9809,特别是进入新时代以来，在以习近平同志为核心的中共中央坚强领导下，中国发展取得历史性成就、发生历史性变革，在中华大地全面建成小康社会，实现第一个百年奋斗目标，迈上了全面建设社会主义现代化国家新征程
1509,0,0.5074,”新时代新征程，我们要从强国建设、民族复兴的战略高度，着眼赓续中华文脉、推动文化繁荣的重大使命，深刻认识聚焦建设社会主义文化强国的重大意义
1510,4,0.6432,"深入理解深化文化体制机制改革的必要性
《决定》深入贯彻落实习近平文化思想，聚焦建设社会主义文化强国，提出深化文化体制机制改革重大任务，明确改革路径和具体举措，为新时代新征程文化改革发展指明了前进方向"
1511,0,0.5923,通过巩固文化主体性来坚定文化自信，不断提升国家文化软实力和中华文化影响力，在世界文化激荡中站稳脚跟，需要用好“两个结合”这一最大法宝，发扬勇担新时代新的文化使命的历史主动精神，坚持深化文化体制机制改革的正确方法论
1512,4,0.9489,这已经成为新时代文化建设的必然要求
1513,0,0.9814,坚持和巩固马克思主义指导地位，最重要的就是坚持和巩固习近平新时代中国特色社会主义思想指导地位
1514,0,0.9909,要以高度的政治自觉、思想自觉、行动自觉深入学习贯彻习近平新时代中国特色社会主义思想，坚定拥护“两个确立”，坚决做到“两个维护”，确保我国文化改革发展始终沿着正确方向前进
1515,0,0.9866,健全用党的创新理论武装全党、教育人民、指导实践工作体系，推动学习贯彻习近平新时代中国特色社会主义思想常态化制度化
1516,2,0.9767,"（作者为浙江省习近平新时代中国特色社会主义思想研究中心研究员）
《 人民日报 》（ 2024年09月27日 09 版）"
1517,0,0.9933,75年来，中国共产党团结带领中国人民，创造出的最具根本意义的伟大成就是：我们不但在一个历史悠久、人口众多、经济文化落后的国家，确立了社会主义基本制度，而且在探索中丰富和发展，形成了中国特色社会主义；党的十八大以来，又以恢弘的理论和实践创新，推动中国特色社会主义进入新时代，开辟了马克思主义中国化时代化新境界
1518,0,0.9926,"”
党的十八大以来，以习近平同志为主要代表的中国共产党人坚持把马克思主义基本原理同中国具体实际相结合、同中华优秀传统文化相结合，深刻总结并充分运用党成立以来的历史经验，从新的实际出发，创立了习近平新时代中国特色社会主义思想，开创了中国特色社会主义新时代"
1519,0,0.9749,新时代中国特色社会主义，集大成而开新局，在对历史的伟大传承中不断创造新的历史辉煌
1520,0,0.79,进入新时代，以习近平同志为核心的党中央，面对世界百年未有之大变局，立足中国实际，带领全党全国各族人民在已有基础上继续前进，不断实现理论和实践上的创新突破，成功推进和拓展了中国式现代化，深刻揭示出中国式现代化的中国特色、本质要求和重大原则，初步构建中国式现代化的理论体系，使中国式现代化更加清晰、更加科学、更加可感可行
1521,1,0.5178,新时代的实践证明：中国式现代化道路走得通、行得稳，是强国建设、民族复兴的唯一正确道路
1522,0,0.9696,新时代以来，习近平总书记把文化建设提升到全新历史高度
1523,3,0.8385,尤其是新时代以来，面对“世界向何处去、人类怎么办”的时代之问和“建设一个什么样的世界、如何建设这个世界”的重大课题，我们弘扬和平、发展、公平、正义、民主、自由的全人类共同价值，提出并紧扣构建人类命运共同体重大理念，同150多个国家和30多个国际组织共建“一带一路”，提出全球发展倡议、全球安全倡议、全球文明倡议，推动全球治理体系朝着更加公正合理方向发展，让全世界向往和平与发展的人民看到了人类文明升华、进步的新的曙光
1524,1,0.9847,新时代新征程，新中国创造人类文明新形态新的伟大实践，捍卫并丰富了人类文明多样性，拓展了人类文明发展新空间，为人类文明的进步与升华注入了更加强劲的新动力
1525,0,0.9909,新时代新征程，我们必须毫不动摇坚持和加强党的全面领导，坚决维护习近平总书记党中央的核心、全党的核心地位，坚决维护以习近平同志为核心的党中央权威和集中统一领导，这是实现民族复兴伟业最根本的政治保证
1526,0,0.9787,新时代新征程，坚持习近平新时代中国特色社会主义思想的指导地位，就是真正坚持马克思主义
1527,2,0.67,新时代新征程，我们必须毫不动摇地坚持以人民为中心的发展思想，让现代化建设成果更多更公平惠及全体人民，不断促进人的全面发展、全体人民共同富裕，充分激发全体人民的历史主动精神，更好凝聚起实现中华民族伟大复兴中国梦的磅礴力量，这是实现民族复兴伟业最根本的力量保证
1528,0,0.9914,进入新时代，以习近平同志为主要代表的中国共产党人深刻回答了新时代坚持和发展什么样的中国特色社会主义、怎样坚持和发展中国特色社会主义的重大时代课题，推动中国特色社会主义道路越走越宽广，中华民族伟大复兴展现出前所未有的光明前景
1529,1,0.4608,"”
曾几何时，国家蒙辱、人民蒙难、文明蒙尘，彼时之中国，被视作一艘“无一处没有伤痕”的破船；曾几何时，仁人志士奔走呐喊，太平天国运动、戊戌变法、义和团运动、辛亥革命接连而起，各种救国方案轮番出台，却“诸路皆走不通了”……
从新民主主义革命时期的浴血奋战、百折不挠，到社会主义革命和建设时期的自力更生、发愤图强，从改革开放和社会主义现代化建设新时期的解放思想、锐意进取，到中国特色社会主义新时代的自信自强、守正创新……历史充分证明，中国共产党团结带领亿万人民走出了一条引领中国进步、增进人民福祉、实现民族复兴的康庄大道"
1530,0,0.5886,"继往开来：
“不断谱写新时代坚持和发展中国特色社会主义新篇章”
2024年8月22日，纪念邓小平同志诞辰120周年座谈会上，习近平总书记的重要讲话掷地有声：
“党的十八大以来，我们所做的一切，都是在践行党的初心使命，都是在完成毛泽东、邓小平等老一辈革命家未竟的事业，都是在新的时代条件下坚持和发展中国特色社会主义"
1531,2,0.985,新时代新征程，中国共产党人高举中国特色社会主义伟大旗帜，汇聚亿万人民磅礴伟力，把国家和民族发展放在自己力量的基点上，把中国发展进步的命运牢牢掌握在自己手中
1532,0,0.9872,系统总结新时代人民代表大会制度理论和实践创新重大成果，习近平总书记首先强调必须坚持中国共产党领导，充分彰显党的领导之于坚持和完善人民代表大会制度的重要意义
1533,0,0.7591,踏上新征程，必须更加深刻领悟“两个确立”的决定性意义，更加坚定做到“两个维护”，完善坚持党的领导的体制机制，确保党始终总揽全局、协调各方，为推进新时代中国特色社会主义各项事业提供坚强保证
1534,0,0.9892,踏上新征程，必须通过全面深化改革不断拓展中国特色社会主义道路，不断丰富中国特色社会主义理论体系，不断完善中国特色社会主义制度，谱写新时代坚持和发展中国特色社会主义新篇章
1535,1,0.9923,75年来，我们党团结带领全国各族人民历经风雨洗礼、走过峥嵘岁月，在接续奋斗中创造了社会主义革命和建设、改革开放和社会主义现代化建设、新时代中国特色社会主义的伟大成就，实现了经济快速发展和社会长期稳定，绘就了波澜壮阔的历史画卷，中华民族迎来了从站起来、富起来到强起来的伟大飞跃，实现中华民族伟大复兴进入不可逆转的历史进程
1536,1,0.8755,新征程上，以中国式现代化全面推进强国建设、民族复兴伟业，要坚持以习近平新时代中国特色社会主义思想为指导，全面贯彻落实党的二十大和二十届二中、三中全会精神，坚持稳中求进工作总基调，完整、准确、全面贯彻新发展理念，加快构建新发展格局，因地制宜发展新质生产力，着力推动高质量发展
1537,4,0.9611,新时代新征程上，要开创中国式现代化建设新局面，仍然要靠改革开放
1538,4,0.9876,无论是解决我国发展不平衡不充分问题，还是应对纷繁复杂的国际环境，都必须坚持发展是党执政兴国的第一要务，发展必须是高质量发展，坚持把高质量发展作为新时代的硬道理，加快转变发展方式、优化经济结构、转换增长动力，以发展不断创造新的更大奇迹
1539,4,0.9033,党的十八大以来，以习近平同志为核心的党中央坚持把教育作为国之大计、党之大计，全面贯彻党的教育方针，作出深入实施科教兴国战略、加快教育现代化的重大决策，确立到2035年建成教育强国的奋斗目标，推动新时代教育事业取得历史性成就、发生格局性变化，教育强国建设迈出坚实步伐
1540,0,0.61,习近平总书记围绕教育发表一系列重要论述，科学回答了“培养什么人、怎样培养人、为谁培养人”的根本问题，深刻回答了新时代新征程为什么要建设教育强国、建设什么样的教育强国、怎样建设教育强国等一系列重大问题，为建设教育强国指明了前进方向、提供了根本遵循
1541,2,0.5998,新时代贯彻党的教育方针，要坚持马克思主义指导地位，贯彻习近平新时代中国特色社会主义思想，坚持社会主义办学方向，落实立德树人的根本任务，坚持教育为人民服务、为中国共产党治国理政服务、为巩固和发展中国特色社会主义制度服务、为改革开放和社会主义现代化建设服务，扎根中国大地办教育，同生产劳动和社会实践相结合，加快推进教育现代化、建设教育强国、办好人民满意的教育，努力培养担当民族复兴大任的时代新人，培养德智体美劳全面发展的社会主义建设者和接班人
1542,0,0.9749,办好思政课，坚持不懈用习近平新时代中国特色社会主义思想铸魂育人
1543,0,0.5955,习近平总书记强调，办好思政课，开展马克思主义理论教育，坚持不懈用新时代中国特色社会主义思想铸魂育人，实施新时代立德树人工程
1544,2,0.989,要不断加强和改进新时代学校思想政治教育，着力加强社会主义核心价值观教育，教育引导青少年学生坚定马克思主义信仰、中国特色社会主义信念、中华民族伟大复兴信心，立报国强国大志向、做挺膺担当奋斗者，坚定不移听党话、跟党走
1545,0,0.9892,要坚持思政课建设与党的创新理论武装同步推进，构建以习近平新时代中国特色社会主义思想为核心内容的课程教材体系，深入推进大中小学思想政治教育一体化建设，推动党的创新理论进教材进课堂进头脑
1546,4,0.9854,要注重运用新时代伟大变革成功案例，充分发挥红色资源育人功能，整合网上教育教学资源，用学生喜闻乐见的语言、易于接受的方式呈现出来，不断拓展实践育人和网络育人的空间和阵地
1547,4,0.986,要紧扣建设教育强国目标，深化新时代教育评价改革，构建多元主体参与、符合我国实际、具有世界水平的教育评价体系，坚决克服唯分数、唯升学、唯文凭、唯论文、唯帽子的顽瘴痼疾，从根本上解决教育评价指挥棒问题
1548,2,0.9547,大力弘扬教育家精神，培养造就新时代高水平教师队伍
1549,2,0.7961,习近平总书记强调，要大力弘扬教育家精神，实施教育家精神铸魂强师行动，加强师德师风建设，提高教师培养培训质量，培养造就新时代高水平教师队伍
1550,0,0.9853,习近平总书记关于教育的重要论述高屋建瓴、思想深邃、内涵丰富，具有很强的政治性、思想性、指导性，是习近平新时代中国特色社会主义思想的重要组成部分
1551,0,0.9909,党的十八大以来，习近平总书记以马克思主义政治家、思想家、战略家的深刻洞察力、敏锐判断力、理论创造力，深刻总结并充分运用我国经济发展的成功经验，从新的实际出发，提出一系列新理念新思想新战略，形成和发展了习近平经济思想，为做好新时代经济工作指明了正确方向、提供了根本遵循
1552,0,0.5183,"一、引领中国经济高质量发展，成为世界经济增长的重要稳定器和动力源
党的十八大以来，习近平总书记统筹中华民族伟大复兴战略全局和世界百年未有之大变局，以深邃的历史眼光、宽广的国际视野、博大的开放胸襟，深入把握我国经济发展的基本规律、核心目标、重点任务，深刻回答了新时代我国经济发展的一系列重大理论和实践问题，指引中国经济迈向高质量发展的新阶段"
1553,0,0.9957,"五、开辟马克思主义中国化时代化新境界，为经济学发展作出创新性贡献
新时代以来，习近平总书记坚持和运用辩证唯物主义和历史唯物主义，充分把握经济发展内在规律，尊重经济规律、深刻揭示经济规律、善于运用经济规律，强调发展必须是遵循经济规律的科学发展，必须是遵循自然规律的可持续发展，必须是遵循社会规律的包容性发展，深刻剖析了新时代中国特色社会主义发展规律，形成了系统完备、逻辑严密的科学理论体系，深化了对社会主义经济建设的规律性认识，开辟了马克思主义中国化时代化新境界"
1554,0,0.9866,党的十八大以来，面对新时代经济发展面临的新形势新任务新要求，迫切需要从理论和实践的结合上深入回答关系党和国家事业发展的一系列重大时代课题
1555,0,0.9956,习近平总书记就政府和市场关系、基本经济制度、中国式现代化道路、经济全球化等一系列重大理论问题作出原创性阐释，系统回答了新时代中国经济发展的根本保证、根本立场、指导原则、路径选择、鲜明主题、战略举措等重大问题，将中国发展实践经验上升为系统化学说，集中体现了我们党对经济发展规律特别是社会主义经济建设规律的深刻认识，形成了科学完整、逻辑严密、根植实践、开放发展的理论体系，书写了新时代中国特色社会主义经济发展的崭新篇章
1556,0,0.8472,习近平经济思想围绕新时代如何坚持和发展中国特色社会主义，实现更高质量、更有效率、更加公平、更可持续、更为安全的发展，提出了一系列新理念新思想新战略，深刻回答了马克思主义经典作家没有讲过、我们的前人从未遇到过、西方经济学理论始终无法解决的许多重大理论和现实问题
1557,2,0.4013,"自2004年启动实施，中国探月工程步步衔接、接续跨越、连战连捷：
2007年，嫦娥一号成功绕月，实现中华民族千年奔月梦想；
2010年至2012年，嫦娥二号实现对月球的高精度测绘、日地拉格朗日L2点科学探测和图塔蒂斯小行星飞掠探测；
2013年，嫦娥三号携“玉兔”号月球车成功着陆月球；
2019年，嫦娥四号实现人类首次月背着陆巡视探测；
2020年，嫦娥五号从月球正面采集1731克月球样品返回地球；
2024年，嫦娥六号带回人类首份1935.3克珍贵月球背面月壤……
进入新时代以来，面对世界百年未有之大变局加速演进，科技革命与大国博弈相互交织，习近平总书记高瞻远瞩、审时度势，从党和国家发展全局高度对接续实施月球探测、深空探测等航天重大工程作出战略擘画，为加快建设航天强国、科技强国指明方向，推动中国探月工程实现历史性跨越——
“空间技术水平是一个国家科技实力的重要标志，也是一个国家经济实力、综合国力、国防实力的重要标志”；
“科技创新深度显著加深，深空探测成为科技竞争的制高点”；
“实践告诉我们，伟大事业都基于创新"
1558,3,0.7124,"”
新时代中国构建人类命运共同体的庄严承诺，掷地有声"
1559,2,0.9014,“新时代是奋斗者的时代
1560,2,0.938,新时代是在奋斗中成就伟业、造就人才的时代
1561,2,0.8384,国家航天局局长张克俭说，探月精神既是“两弹一星”精神、载人航天精神的传承和延续，又具有鲜明的新时代特征，已成为我国航天事业不断取得新胜利的澎湃动力
1562,2,0.99,"”
曾经承担嫦娥六号轨道器总装任务的“90后”技术负责人陈文成和“95后”徒弟顾伟德已将“争分夺秒的时间表”纳入“中国探月的任务书”——
2026年前后发射嫦娥七号，开展月球南极环境与资源勘察；2028年前后发射嫦娥八号，开展月球资源原位利用技术验证；2030年前实现中国人登陆月球；2035年前建成国际月球科研站基本型……
中华民族不懈追求的探月梦感召着新时代的奋进者"
1563,3,0.983,在2024年中非合作论坛北京峰会上，习近平主席宣布将中非关系整体定位提升至新时代全天候中非命运共同体
1564,3,0.986,在习近平主席卓越领导下，50多个非洲国家共聚北京，共商发展道路和关系未来，习近平主席提出的“十大伙伴行动”无疑将改变非洲的面貌，迎来非洲发展的新时代
1565,0,0.756,除北京外，我还访问了山东、重庆和天津，亲身领略了中国式现代化的成就，这些都是习近平新时代中国特色社会主义思想的实践成果，我愿不断学习借鉴中方成功理念经验
1566,3,0.951,在这收获的季节，很高兴同各位新老朋友相聚北京，共商新时代中非友好合作大计
1567,3,0.6748,24年来特别是新时代以来，中国同非洲兄弟姐妹们本着真实亲诚理念，携手前行
1568,3,0.982,面向未来，我提议，将中国同所有非洲建交国的双边关系提升到战略关系层面，将中非关系整体定位提升至新时代全天候中非命运共同体
1569,4,0.9394,绿色发展是新时代现代化的鲜明标识
1570,3,0.9897,"新华社记者 饶爱民摄
■中国同所有非洲建交国的双边关系提升到战略关系层面，中非关系整体定位提升至新时代全天候中非命运共同体，将实施中非携手推进现代化十大伙伴行动
■中非要携手推进“六个现代化”"
1571,3,0.9881,习近平宣布，中国同所有非洲建交国的双边关系提升到战略关系层面，中非关系整体定位提升至新时代全天候中非命运共同体，将实施中非携手推进现代化十大伙伴行动
1572,3,0.9627,习近平指出，在这收获的季节，很高兴同各位新老朋友相聚北京，共商新时代中非友好合作大计
1573,3,0.8619,中非合作论坛成立24年来特别是新时代以来，中国同非洲兄弟姐妹们本着真实亲诚理念，在世界百年变局中肩并肩、手拉手，坚定捍卫彼此正当权益；在经济全球化大潮中强筋骨、壮体魄，累累硕果惠及中非亿万百姓；在大灾大疫面前同甘苦、共拼搏，书写了一个个中非友好的感人故事；始终相互理解、彼此支持，树立了新型国际关系的典范
1574,3,0.983,面向未来，中方提议将中国同所有非洲建交国的双边关系提升到战略关系层面，将中非关系整体定位提升至新时代全天候中非命运共同体
1575,4,0.9394,绿色发展是新时代现代化的鲜明标识
1576,3,0.9886,非方愿同中方继续秉持和平共处五项原则和中非友好合作精神，积极落实此次峰会成果，携手推进工业化和农业现代化，构建新时代全天候非中命运共同体，共同迈向和平、安全、繁荣、进步的光明前景
1577,3,0.9809,峰会通过《关于共筑新时代全天候中非命运共同体的北京宣言》《中非合作论坛—北京行动计划（2025—2027）》
1578,3,0.9928,赵乐际在致辞中说，习近平主席在论坛峰会开幕式上发表主旨讲话，宣布将中国同所有非洲建交国的双边关系提升到战略关系层面，将中非关系整体定位提升至新时代全天候中非命运共同体，提出中非携手推进现代化的目标方向和“十大伙伴行动”，开启了中非携手引领“全球南方”现代化的新篇章
1579,3,0.9846,赵乐际强调，我们要从中非传统友好中汲取智慧和营养，树立历史眼光，牢记中非风雨同舟、患难与共的奋斗历程，珍惜中非守望相助、共克时艰的真挚情谊，把牢中非相互支持、共谋发展的正确方向，让新时代中非友好的根基扎得更深、筑得更牢
1580,3,0.4734,外方嘉宾在发言时高度评价新时代中国发展和非中合作取得的成就，介绍了各自国家发展经验和实现非洲联合自强的政策主张，期待非中加强治国理政经验交流、开展全方位互利合作
1581,1,0.9392,习近平强调，坦桑尼亚是新时代中国对非政策的首倡地
1582,1,0.9392,习近平强调，坦桑尼亚是新时代中国对非政策的首倡地
1583,3,0.982,本次中非合作论坛峰会致力于擘画新时代中非合作新蓝图，携手推进现代化，共筑高水平中非命运共同体
1584,1,0.9487,进入新时代，中多关系深入发展，展现韧性和活力
1585,0,0.9896,党的十八大以来，习近平总书记鲜明提出中国共产党的领导是中国特色社会主义最本质的特征，是中国特色社会主义制度的最大优势，推动新时代党的领导全面加强，党的政治领导力、思想引领力、群众组织力、社会号召力显著增强
1586,0,0.9903,进入新时代，以习近平同志为主要代表的中国共产党人，坚持把马克思主义基本原理同中国具体实际相结合、同中华优秀传统文化相结合，创立了习近平新时代中国特色社会主义思想，实现了马克思主义中国化时代化新的飞跃
1587,4,0.9832,进入新时代，以习近平同志为核心的党中央坚定不移推进全面深化改革，推动许多领域实现历史性变革、系统性重塑、整体性重构，开创了我国改革开放全新局面
1588,4,0.986,党的二十届三中全会擘画了进一步全面深化改革的宏伟蓝图，这既是党的十八届三中全会以来全面深化改革的实践续篇，也是新时代新征程推进中国式现代化的时代新篇，充分释放了改革不停顿、开放不止步的强烈信号
1589,4,0.514,要深入阐释习近平总书记关于全面深化改革的一系列新思想、新观点、新论断，阐释新时代改革开放的伟大成就和成功经验，阐释进一步全面深化改革的重大原则要求、重大战略部署、重大改革举措，最大限度凝聚改革共识、激发改革活力
1590,0,0.9906,要坚持文化自信自强，深入研究阐释推进社会主义文化强国建设的思路、举措和方法，推动中华优秀传统文化创造性转化、创新性发展，弘扬革命文化，发展社会主义先进文化，更好担负起新时代的文化使命
1591,1,0.5715,七、深化邓小平理论研究，就是要牢牢把握解决中国的问题关键在党的强烈历史担当，深入推进新时代党的建设新的伟大工程，以党的自我革命引领社会革命
1592,4,0.4912,党的十八大以来，以习近平同志为核心的党中央把全面从严治党作为新时代党的建设新的伟大工程的鲜明主题，持之以恒正风肃纪反腐，党在革命性锻造中更加坚强有力，开辟了百年大党自我革命的新境界
1593,4,0.6227,深入研究弘扬党的光荣传统和优良作风、加强新时代廉洁文化建设的长效机制，研究防治形式主义、官僚主义的有效对策，研究一体推进不敢腐、不能腐、不想腐的现实路径，确保党永远不变质、不变色、不变味
1594,2,0.9897,我们要更加紧密地团结在以习近平同志为核心的党中央周围，全面贯彻习近平新时代中国特色社会主义思想，坚定自信、厚植情怀，潜心治学、扎实工作，为以中国式现代化全面推进强国建设、民族复兴伟业作出新的更大贡献
1595,0,0.9445,蔡奇指出，深化邓小平理论研究，要牢牢把握坚持党的全面领导特别是党中央集中统一领导的最高政治原则，深刻领悟“两个确立”的决定性意义，增强做到“两个维护”的思想自觉和行动自觉；牢牢把握解放思想、实事求是的鲜明理论品质，继续推进实践基础上的理论创新，在“两个结合”中不断谱写马克思主义中国化时代化新篇章；牢牢把握坚持走自己的路的独立探索精神，坚定中国特色社会主义自信，以坚强意志和决心把中国式现代化推向前进；牢牢把握改革开放是党和人民事业大踏步赶上时代的重要法宝，高举改革开放旗帜，推动全面深化改革向广度和深度进军；牢牢把握“两手抓、两手都要硬”的战略方针，持续加强社会主义精神文明建设，更好构筑中国精神、中国价值、中国力量；牢牢把握放眼世界、放眼未来的宽广战略思维，坚定不移走和平发展的人间正道，推动构建人类命运共同体；牢牢把握解决中国的问题关键在党的强烈历史担当，深入推进新时代党的建设新的伟大工程，以党的自我革命引领社会革命
1596,3,0.7998,陈晓东指出，中非合作论坛成立24年来特别是新时代以来，始终秉持共商共建共享原则，论坛建设成绩喜人，已经成为中非合作的“金字招牌”和引领国际对非合作、深化“全球南方”合作的一面旗帜
1597,3,0.9877,习近平主席迄今五次访非，两次出席中非合作论坛峰会，主持召开中非团结抗疫特别峰会、中非领导人对话会，总结提炼中非友好合作精神，亲自擘画新时代中非关系发展
1598,0,0.6858,新时代新征程，我们必须继续深入学习运用邓小平理论，完整、准确理解它的科学内涵、核心要义
1599,0,0.9826,全面推进中国式现代化，为中国特色社会主义事业发展打开了广阔空间，也为新时代新征程党的理论创新提供了丰厚土壤
1600,0,0.9958,我们要始终坚持马克思列宁主义、毛泽东思想、邓小平理论、“三个代表”重要思想、科学发展观，全面贯彻新时代中国特色社会主义思想，始终坚守马克思主义这个魂脉、中华优秀传统文化这个根脉，善于借鉴吸收人类社会一切优秀文明成果，不断探索真理，深入研究推进中国式现代化的实际问题，深刻回答中国之问、世界之问、人民之问、时代之问，继续推进马克思主义中国化时代化，让当代中国马克思主义、21世纪马克思主义闪耀出更加璀璨的真理光芒
1601,4,0.9832,我们要牢记全面从严治党永远在路上、党的自我革命永远在路上，永葆赶考的清醒和坚定，落实新时代党的建设总要求，深入推进新时代党的建设新的伟大工程
1602,4,0.5513,我们要贯彻新时代强军思想，坚持党对人民军队的绝对领导，全面加强军事治理，深入推进国防和军队现代化建设，如期实现建军一百年奋斗目标，加快把人民军队建成世界一流军队，不断提高人民军队捍卫国家主权、安全、发展利益战略能力，有效履行新时代人民军队使命任务
1603,1,0.9847,我们要坚定不移贯彻新时代党解决台湾问题的总体方略，坚持一个中国原则和“九二共识”，推动两岸关系和平发展，坚定不移反对“台独”、捍卫国家主权和领土完整
1604,0,0.9787,新时代新征程上，我们要坚持守正创新，不忘老祖宗，始终走正道、善于闯新路，让理论之树常青、事业之树常青，不断以新的作为、新的成就告慰老一辈革命家
1605,0,0.6815,新时代新征程，我们必须继续深入学习运用邓小平理论，完整、准确理解它的科学内涵、核心要义，既坚持邓小平同志基于社会主义规律性认识提出的重大结论、基本观点、正确主张，又善于根据不断变化的情况，正确把握理论的精髓和实质，用以解决现实问题，做到坚持真理不动摇、指导实践不偏离
1606,0,0.9964,"要始终坚持马克思列宁主义、毛泽东思想、邓小平理论、“三个代表”重要思想、科学发展观，全面贯彻新时代中国特色社会主义思想，始终坚守马克思主义这个魂脉、中华优秀传统文化这个根脉，善于借鉴吸收人类社会一切优秀文明成果，不断探索真理，深入研究推进中国式现代化的实际问题，深刻回答中国之问、世界之问、人民之问、时代之问，继续推进马克思主义中国化时代化，让当代中国马克思主义、21世纪马克思主义闪耀出更加璀璨的真理光芒
■对邓小平同志最好的纪念，就是把他开创的中国特色社会主义事业继续推向前进"
1607,0,0.6815,新时代新征程，我们必须继续深入学习运用邓小平理论，完整、准确理解它的科学内涵、核心要义，既坚持邓小平同志基于社会主义规律性认识提出的重大结论、基本观点、正确主张，又善于根据不断变化的情况，正确把握理论的精髓和实质，用以解决现实问题，做到坚持真理不动摇、指导实践不偏离
1608,0,0.9957,要始终坚持马克思列宁主义、毛泽东思想、邓小平理论、“三个代表”重要思想、科学发展观，全面贯彻新时代中国特色社会主义思想，始终坚守马克思主义这个魂脉、中华优秀传统文化这个根脉，善于借鉴吸收人类社会一切优秀文明成果，不断探索真理，深入研究推进中国式现代化的实际问题，深刻回答中国之问、世界之问、人民之问、时代之问，继续推进马克思主义中国化时代化，让当代中国马克思主义、21世纪马克思主义闪耀出更加璀璨的真理光芒
1609,1,0.9847,我们要坚定不移贯彻新时代党解决台湾问题的总体方略，坚持一个中国原则和“九二共识”，推动两岸关系和平发展，坚定不移反对“台独”、捍卫国家主权和领土完整
1610,4,0.9788,要持续加强文化和自然遗产传承、利用工作，使其在新时代焕发新活力、绽放新光彩，更好满足人民群众的美好生活需求
1611,4,0.4345,全会高度评价新时代以来全面深化改革的成功实践和伟大成就，研究了进一步全面深化改革、推进中国式现代化问题，认为当前和今后一个时期是以中国式现代化全面推进强国建设、民族复兴伟业的关键时期
1612,1,0.7663,全会强调，进一步全面深化改革，必须坚持马克思列宁主义、毛泽东思想、邓小平理论、“三个代表”重要思想、科学发展观，全面贯彻习近平新时代中国特色社会主义思想，深入学习贯彻习近平总书记关于全面深化改革的一系列新思想、新观点、新论断，完整准确全面贯彻新发展理念，坚持稳中求进工作总基调，坚持解放思想、实事求是、与时俱进、求真务实，进一步解放和发展社会生产力、激发和增强社会活力，统筹国内国际两个大局，统筹推进“五位一体”总体布局，协调推进“四个全面”战略布局，以经济体制改革为牵引，以促进社会公平正义、增进人民福祉为出发点和落脚点，更加注重系统集成，更加注重突出重点，更加注重改革实效，推动生产关系和生产力、上层建筑和经济基础、国家治理和社会发展更好相适应，为中国式现代化提供强大动力和制度保障
1613,4,0.9889,全会强调，进一步全面深化改革要总结和运用改革开放以来特别是新时代全面深化改革的宝贵经验，贯彻坚持党的全面领导、坚持以人民为中心、坚持守正创新、坚持以制度建设为主线、坚持全面依法治国、坚持系统观念等原则
1614,3,0.983,中方高度重视中瓦关系发展，愿同瓦方继续深化高水平政治互信，高质量共建“一带一路”，深化全天候、全方位友好合作，携手构建新时代中瓦命运共同体
1615,3,0.8179,双方发表《中华人民共和国和瓦努阿图共和国联合声明》，一致同意提质升级两国全面战略伙伴关系，构建新时代中瓦命运共同体
1616,3,0.6716,中国和非洲国家彼此的支持和帮助是真诚的，是真实亲诚的友好兄弟和发展中国家团结合作的典范，新形势下我们应该联手创造新时代
1617,3,0.9881,中方愿同几内亚比绍等非洲国家一道，弘扬和平共处五项原则，共商新时代中非合作大计，维护发展中国家共同利益和国际公平正义，携手共建高水平中非命运共同体，推动构建人类命运共同体
1618,1,0.9735,会谈后，两国元首共同签署《中华人民共和国和塔吉克斯坦共和国关于发展新时代全面战略合作伙伴关系的联合声明》
1619,3,0.9627,两国元首宣布发展新时代中塔全面战略合作伙伴关系
1620,3,0.9766,新形势下，中方愿同塔方发展新时代中塔全面战略合作伙伴关系，在更高起点上构建中塔命运共同体，助力两国发展振兴
1621,1,0.9847,进入新时代以来，在习近平主席高瞻远瞩和英明领导下，中国取得伟大发展成就，不仅造福了中国人民，也对促进地区和世界和平与发展作出重要贡献
1622,1,0.5282,同中国加强新时代全面战略合作伙伴关系是塔方的优先政策方向
1623,3,0.8312,塔方深信，习近平主席这次访问必将有力推动塔中新时代全面战略合作伙伴关系向更高水平发展，为两国人民带来更多福祉
1624,1,0.9839,会谈后，两国元首共同签署《中华人民共和国和塔吉克斯坦共和国关于发展新时代全面战略合作伙伴关系的联合声明》，并共同见证交换经贸、投资、互联互通、关键矿产、安全、人文等领域数十项双边合作文件
1625,2,0.6517,本届峰会发表阿斯塔纳宣言，团结共促世界公正、和睦、发展倡议，睦邻互信和伙伴关系原则声明，发出要团结不要分裂、要合作不要对抗、要公正不要霸权的新时代强音
1626,1,0.9822,哈方祝贺中国取得的全方位历史性成就，相信在习近平主席英明领导下，中国在新时代中国特色社会主义道路上必将取得新的更大成就
1627,3,0.9881,新华社北京6月30日电  7月1日出版的第13期《求是》杂志将发表中共中央总书记、国家主席、中央军委主席习近平2022年10月16日在中国共产党第二十次全国代表大会上的报告的一部分《新时代新征程中国共产党的使命任务》
1628,1,0.7024,"新时代新征程中国共产党的使命任务 ※
习近平
从现在起，中国共产党的中心任务就是团结带领全国各族人民全面建成社会主义现代化强国、实现第二个百年奋斗目标，以中国式现代化全面推进中华民族伟大复兴"
1629,3,0.982,去年9月，马杜罗总统成功对中国进行国事访问，我们共同宣布将中委关系提升为全天候战略伙伴关系，引领两国关系进入新时代
1630,4,0.9713,在新时代科技事业发展实践中，我们不断深化规律性认识，积累了许多重要经验
1631,4,0.9962,"新华社记者 谢环驰摄
■党的十八大以来，党中央深入推动实施创新驱动发展战略，提出加快建设创新型国家的战略任务，不断深化科技体制改革，有力推进科技自立自强，我国基础前沿研究实现新突破，战略高技术领域迎来新跨越，创新驱动引领高质量发展取得新成效，科技体制改革打开新局面，国际开放合作取得新进展，科技事业取得历史性成就、发生历史性变革
■在新时代科技事业发展实践中，我们不断深化规律性认识，积累了许多重要经验，主要是：坚持党的全面领导，坚持走中国特色自主创新道路，坚持创新引领发展，坚持“四个面向”的战略导向，坚持以深化改革激发创新活力，坚持推动教育科技人才良性循环，坚持培育创新文化，坚持科技开放合作造福人类"
1632,4,0.847,习近平强调，在新时代科技事业发展实践中，我们不断深化规律性认识，积累了许多重要经验，主要是：坚持党的全面领导，坚持走中国特色自主创新道路，坚持创新引领发展，坚持“四个面向”的战略导向，坚持以深化改革激发创新活力，坚持推动教育科技人才良性循环，坚持培育创新文化，坚持科技开放合作造福人类
1633,4,0.5609,李强在主持大会时指出，习近平总书记的重要讲话充分肯定了近年来我国科技创新发展取得的历史性成就，深刻总结了新时代科技事业发展的重要经验，精辟论述了科技创新在推进中国式现代化、实现第二个百年奋斗目标伟大进程中的重要作用，系统阐明了新形势下加快建设科技强国的基本内涵和主要任务，为做好新时代科技工作指明了前进方向，要深入学习领会、认真贯彻落实
1634,2,0.8974,新征程上，实现高水平科技自立自强、建设科技强国使命光荣、责任重大，要更加紧密地团结在以习近平同志为核心的党中央周围，全面贯彻习近平新时代中国特色社会主义思想，进一步增强做好科技工作的自觉性和坚定性，为以中国式现代化全面推进强国建设、民族复兴伟业而团结奋斗
1635,1,0.9735,马方高度钦佩新时代中国发展取得的成就，盛赞中方以中国式现代化全面推进中华民族伟大复兴
1636,1,0.9811,我同欧尔班总理进行了亲切友好、富有成效的会谈，就新时代中匈关系发展以及双方共同关心的问题深入交换意见，达成广泛共识，并见证了一系列重要双边合作文本交换
1637,3,0.7617,习近平强调，我和欧尔班总理一致认为，长期以来，中匈两国始终是互信互助的好朋友、合作共赢的好伙伴，理所应当进一步提升双边关系水平，丰富两国合作内涵，愿以宣布建立中匈新时代全天候全面战略伙伴关系为新起点，推动两国关系和务实合作朝着更高水平迈进
1638,3,0.9866,我期待同武契奇总统继续保持密切沟通，共同努力，书写中塞关系的新篇章，引领中塞关系和新时代中塞命运共同体建设取得更多成果，造福两国人民
1639,3,0.9627,两国领导人宣布，将中匈关系提升为新时代全天候全面战略伙伴关系
1640,3,0.8953,两国要继续做互信互助的好朋友、合作共赢的好伙伴，以建立新时代全天候全面战略伙伴关系为契机，为两国合作注入新的强大动力，为两国人民开创更加美好的明天
1641,3,0.9766,我们宣布将匈中关系定位提升为新时代全天候全面战略伙伴关系，为未来匈中关系发展指明了方向
1642,3,0.5949,"（另发）
双方发表《中华人民共和国和匈牙利关于建立新时代全天候全面战略伙伴关系的联合声明》和访问成果文件清单"
1643,3,0.9782,我们共同签署联合声明，宣布构建新时代中塞命运共同体，实现了中塞关系新的伟大历史跨越
1644,3,0.9782,中方愿同友好的塞尔维亚人民一道努力，为新时代中塞命运共同体建设不断奋斗
1645,3,0.7846,我期待故地重游，同匈牙利朋友畅叙友情、共话合作，擘画新时代中匈关系发展新蓝图
1646,3,0.8798,新时代新征程上，中方期待同匈牙利朋友续写友好新故事，绘就合作新篇章，共同开辟属于两国人民的美好未来
1647,3,0.9747,——我们共同宣布构建新时代中塞命运共同体，开启中塞关系历史新篇章
1648,3,0.9699,——我们一致同意，通过加强战略沟通为新时代中塞命运共同体领航把舵
1649,3,0.9725,习近平宣布中方支持新时代中塞命运共同体建设的首期6项务实举措
1650,3,0.7624,着眼未来，构建新时代中塞命运共同体是双方的战略抉择，目标是实现两国人民对美好生活的向往，动力来源于两国人民的坚定支持和广泛参与
1651,3,0.9577,中方愿同塞方并肩携手，踏上构建新时代中塞命运共同体新征程
1652,3,0.9627,我和习近平主席还共同签署了构建新时代塞中命运共同体的联合声明
1653,3,0.6259,新时代新征程，中塞全面战略伙伴关系进一步发展具有广阔空间
1654,3,0.5551,中塞铁杆友谊经历过血与火的淬炼，在新时代更加焕发出新的光彩
1655,3,0.7888,站在新的历史起点上，我们愿同塞尔维亚朋友一道，不忘初心、携手进步，共谱国家发展振兴新篇，共建新时代中塞命运共同体
1656,3,0.9838,让我们坚守建交初心，赓续传统友谊，践行“更快、更高、更强——更团结”的奥运格言，携手开创中法合作新时代，共同谱写人类命运共同体新篇章
1657,3,0.9846,当地时间五月六日下午，国家主席习近平在巴黎同法国总统马克龙共同出席中法企业家委员会第六次会议闭幕式，并发表题为《继往开来，携手开创中法合作新时代》的重要致辞
1658,3,0.9877,"新华社记者 翟健岚摄
本报巴黎5月6日电  （记者王远、于超凡）当地时间5月6日下午，国家主席习近平在巴黎同法国总统马克龙共同出席中法企业家委员会第六次会议闭幕式，并发表题为《继往开来，携手开创中法合作新时代》的重要致辞"
1659,3,0.9838,让我们坚守建交初心，赓续传统友谊，践行“更快、更高、更强——更团结”的奥运格言，携手开创中法合作新时代，共同谱写人类命运共同体新篇章
